,age_bracket,Legislative,Party,Count,voted_2024,voted_2020,voted_2016
0,18-24,36,DEM,739,427,233,0
1,18-24,36,OTH,72,28,7,0
2,18-24,36,REP,1475,871,373,0
3,18-24,36,UNA,1123,440,174,0
4,18-24,01A,DEM,486,312,131,0
5,18-24,01A,OTH,74,26,14,0
6,18-24,01A,REP,1861,1026,406,0
7,18-24,01A,UNA,856,338,106,0
8,18-24,01B,DEM,701,394,168,0
9,18-24,01B,OTH,98,37,9,0
10,18-24,01B,REP,1409,764,302,0
11,18-24,01B,UNA,1124,409,124,0
12,18-24,01C,DEM,605,325,130,0
13,18-24,01C,OTH,98,34,11,0
14,18-24,01C,REP,1625,963,339,0
15,18-24,01C,UNA,1122,444,141,0
16,18-24,02A,DEM,1827,1043,453,0
17,18-24,02A,OTH,170,85,23,0
18,18-24,02A,REP,2729,1581,649,0
19,18-24,02A,UNA,2709,1085,360,0
20,18-24,02B,DEM,1196,543,250,0
21,18-24,02B,OTH,118,38,11,0
22,18-24,02B,REP,609,266,97,0
23,18-24,02B,UNA,1344,388,139,0
24,18-24,03,DEM,4777,2752,1224,0
25,18-24,03,OTH,308,117,39,0
26,18-24,03,REP,1701,901,347,0
27,18-24,03,UNA,4442,1802,672,0
28,18-24,04,DEM,3747,2286,996,0
29,18-24,04,OTH,276,107,46,0
30,18-24,04,REP,4210,2517,1035,1
31,18-24,04,UNA,5058,2155,792,1
32,18-24,05,DEM,2920,1849,875,0
33,18-24,05,OTH,250,113,59,0
34,18-24,05,REP,4779,2951,1245,0
35,18-24,05,UNA,4334,1916,732,0
36,18-24,06,DEM,3272,1603,690,0
37,18-24,06,OTH,335,102,34,0
38,18-24,06,REP,1991,1155,386,0
39,18-24,06,UNA,3556,1188,373,0
40,18-24,07A,DEM,2337,1411,608,1
41,18-24,07A,OTH,161,57,22,0
42,18-24,07A,REP,1828,1095,438,0
43,18-24,07A,UNA,2342,1044,335,0
44,18-24,07B,DEM,896,511,244,0
45,18-24,07B,OTH,95,44,16,0
46,18-24,07B,REP,1549,923,391,0
47,18-24,07B,UNA,1405,638,204,0
48,18-24,08,DEM,4913,2721,1168,1
49,18-24,08,OTH,279,92,25,0
50,18-24,08,REP,1316,748,290,1
51,18-24,08,UNA,3105,1222,417,0
52,18-24,09A,DEM,3871,2334,1081,0
53,18-24,09A,OTH,168,67,26,0
54,18-24,09A,REP,2114,1212,584,0
55,18-24,09A,UNA,4073,1708,658,0
56,18-24,09B,DEM,1997,1232,571,0
57,18-24,09B,OTH,64,26,9,0
58,18-24,09B,REP,516,299,127,0
59,18-24,09B,UNA,1581,692,270,0
60,18-24,10,DEM,6126,3591,1684,0
61,18-24,10,OTH,255,76,31,0
62,18-24,10,REP,1007,537,227,0
63,18-24,10,UNA,2883,1253,475,0
64,18-24,11A,DEM,1967,1173,541,1
65,18-24,11A,OTH,67,20,11,0
66,18-24,11A,REP,327,162,77,0
67,18-24,11A,UNA,898,403,153,0
68,18-24,11B,DEM,3411,2033,895,0
69,18-24,11B,OTH,108,46,19,0
70,18-24,11B,REP,1631,883,362,0
71,18-24,11B,UNA,2111,872,320,0
72,18-24,12A,DEM,3782,2328,1090,0
73,18-24,12A,OTH,169,77,28,0
74,18-24,12A,REP,986,589,255,0
75,18-24,12A,UNA,2782,1279,449,0
76,18-24,12B,DEM,1307,674,327,0
77,18-24,12B,OTH,119,40,5,0
78,18-24,12B,REP,553,301,125,0
79,18-24,12B,UNA,1167,406,133,0
80,18-24,13,DEM,6038,3685,1622,0
81,18-24,13,OTH,268,109,36,0
82,18-24,13,REP,1171,675,276,0
83,18-24,13,UNA,4182,1856,693,0
84,18-24,14,DEM,5851,3578,1691,0
85,18-24,14,OTH,285,116,46,0
86,18-24,14,REP,1618,931,429,0
87,18-24,14,UNA,4362,1931,739,0
88,18-24,15,DEM,6615,3745,1866,2
89,18-24,15,OTH,221,85,41,0
90,18-24,15,REP,1575,799,373,0
91,18-24,15,UNA,5436,2146,927,1
92,18-24,16,DEM,6779,3859,1673,2
93,18-24,16,OTH,137,54,24,0
94,18-24,16,REP,1330,679,281,0
95,18-24,16,UNA,3903,1487,594,0
96,18-24,17,DEM,4862,2818,1338,0
97,18-24,17,OTH,194,76,29,0
98,18-24,17,REP,899,456,199,0
99,18-24,17,UNA,3426,1423,535,0
100,18-24,18,DEM,5864,3339,1507,1
101,18-24,18,OTH,213,71,36,1
102,18-24,18,REP,1012,543,219,0
103,18-24,18,UNA,3265,1377,427,0
104,18-24,19,DEM,4782,2859,1339,0
105,18-24,19,OTH,227,78,27,0
106,18-24,19,REP,1057,585,252,0
107,18-24,19,UNA,3509,1528,581,0
108,18-24,20,DEM,5384,3165,1341,0
109,18-24,20,OTH,188,62,20,0
110,18-24,20,REP,507,264,98,0
111,18-24,20,UNA,2689,1135,392,0
112,18-24,21,DEM,5309,3272,1263,0
113,18-24,21,OTH,223,88,25,0
114,18-24,21,REP,951,534,181,0
115,18-24,21,UNA,3288,1428,472,0
116,18-24,22,DEM,5407,2913,1365,2
117,18-24,22,OTH,293,85,18,0
118,18-24,22,REP,552,248,74,0
119,18-24,22,UNA,2946,1037,342,2
120,18-24,23,DEM,7915,4798,2225,2
121,18-24,23,OTH,257,105,36,0
122,18-24,23,REP,674,338,142,0
123,18-24,23,UNA,3404,1395,574,1
124,18-24,24,DEM,7135,3895,1854,1
125,18-24,24,OTH,312,104,25,0
126,18-24,24,REP,406,183,64,0
127,18-24,24,UNA,2911,1088,353,1
128,18-24,25,DEM,6936,3744,1875,2
129,18-24,25,OTH,257,79,26,0
130,18-24,25,REP,332,146,61,0
131,18-24,25,UNA,2635,980,355,1
132,18-24,26,DEM,5932,3169,1606,0
133,18-24,26,OTH,223,72,23,0
134,18-24,26,REP,359,129,54,0
135,18-24,26,UNA,2367,845,308,2
136,18-24,27A,DEM,2590,1368,683,1
137,18-24,27A,OTH,71,27,10,0
138,18-24,27A,REP,308,166,71,0
139,18-24,27A,UNA,1151,434,154,1
140,18-24,27B,DEM,1909,1131,554,0
141,18-24,27B,OTH,76,22,9,0
142,18-24,27B,REP,860,514,199,1
143,18-24,27B,UNA,1479,594,205,0
144,18-24,27C,DEM,1198,744,347,0
145,18-24,27C,OTH,108,46,19,0
146,18-24,27C,REP,1660,1003,390,1
147,18-24,27C,UNA,1516,674,244,0
148,18-24,28,DEM,7459,4296,2029,3
149,18-24,28,OTH,237,96,32,0
150,18-24,28,REP,1768,1013,413,0
151,18-24,28,UNA,4173,1753,608,1
152,18-24,29A,DEM,803,463,226,0
153,18-24,29A,OTH,88,38,6,0
154,18-24,29A,REP,1853,1183,444,0
155,18-24,29A,UNA,1327,594,194,0
156,18-24,29B,DEM,1393,758,350,0
157,18-24,29B,OTH,97,33,12,0
158,18-24,29B,REP,789,434,167,0
159,18-24,29B,UNA,1281,481,175,0
160,18-24,29C,DEM,1076,630,289,0
161,18-24,29C,OTH,120,44,20,0
162,18-24,29C,REP,1426,877,306,0
163,18-24,29C,UNA,1504,614,224,0
164,18-24,30A,DEM,2452,1473,664,0
165,18-24,30A,OTH,173,64,23,0
166,18-24,30A,REP,1334,653,304,0
167,18-24,30A,UNA,2174,877,357,0
168,18-24,30B,DEM,985,617,280,0
169,18-24,30B,OTH,105,38,12,0
170,18-24,30B,REP,1255,720,310,0
171,18-24,30B,UNA,1464,601,210,0
172,18-24,31,DEM,3295,2033,884,0
173,18-24,31,OTH,298,121,33,0
174,18-24,31,REP,3591,2103,874,1
175,18-24,31,UNA,4399,1838,661,1
176,18-24,32,DEM,4550,2627,1201,0
177,18-24,32,OTH,302,113,33,0
178,18-24,32,REP,1428,840,313,0
179,18-24,32,UNA,3692,1529,513,0
180,18-24,33A,DEM,1689,1010,431,0
181,18-24,33A,OTH,102,37,13,0
182,18-24,33A,REP,614,331,122,0
183,18-24,33A,UNA,1520,661,198,0
184,18-24,33B,DEM,1424,834,364,1
185,18-24,33B,OTH,91,23,13,0
186,18-24,33B,REP,1293,698,307,0
187,18-24,33B,UNA,1776,778,276,0
188,18-24,33C,DEM,1609,994,438,0
189,18-24,33C,OTH,97,44,21,0
190,18-24,33C,REP,1193,649,300,0
191,18-24,33C,UNA,1781,756,245,0
192,18-24,34A,DEM,3166,1674,776,0
193,18-24,34A,OTH,261,65,31,0
194,18-24,34A,REP,1251,656,276,0
195,18-24,34A,UNA,2799,1048,358,1
196,18-24,34B,DEM,1136,684,314,0
197,18-24,34B,OTH,94,45,20,0
198,18-24,34B,REP,1262,733,343,0
199,18-24,34B,UNA,1485,656,244,0
200,18-24,35A,DEM,1749,1135,503,0
201,18-24,35A,OTH,183,75,29,0
202,18-24,35A,REP,3675,2257,912,0
203,18-24,35A,UNA,3093,1359,521,0
204,18-24,35B,DEM,722,377,165,0
205,18-24,35B,OTH,103,35,12,0
206,18-24,35B,REP,1876,1130,409,0
207,18-24,35B,UNA,1483,555,182,0
208,18-24,36,DEM,1936,997,442,0
209,18-24,36,OTH,216,84,27,0
210,18-24,36,REP,3097,1795,679,0
211,18-24,36,UNA,2841,1029,343,1
212,18-24,37A,DEM,1424,554,233,0
213,18-24,37A,OTH,140,29,8,0
214,18-24,37A,REP,647,306,131,0
215,18-24,37A,UNA,1185,344,108,0
216,18-24,37B,DEM,1741,933,441,0
217,18-24,37B,OTH,184,58,16,0
218,18-24,37B,REP,2808,1618,668,0
219,18-24,37B,UNA,2464,909,336,0
220,18-24,38A,DEM,1048,454,228,0
221,18-24,38A,OTH,100,27,12,0
222,18-24,38A,REP,1298,704,273,0
223,18-24,38A,UNA,1118,422,119,0
224,18-24,38B,DEM,1334,728,315,0
225,18-24,38B,OTH,106,30,8,0
226,18-24,38B,REP,878,489,204,0
227,18-24,38B,UNA,1288,489,163,0
228,18-24,38C,DEM,666,369,197,0
229,18-24,38C,OTH,88,36,10,0
230,18-24,38C,REP,1491,805,336,0
231,18-24,38C,UNA,1114,465,179,0
232,18-24,39,DEM,5592,3251,1509,1
233,18-24,39,OTH,301,95,30,0
234,18-24,39,REP,957,510,202,0
235,18-24,39,UNA,4185,1744,661,0
236,18-24,40,DEM,4694,2237,825,0
237,18-24,40,OTH,263,67,13,0
238,18-24,40,REP,352,119,35,0
239,18-24,40,UNA,1921,635,176,0
240,18-24,41,DEM,5747,2965,1302,0
241,18-24,41,OTH,219,74,11,0
242,18-24,41,REP,703,326,96,1
243,18-24,41,UNA,1949,702,232,0
244,18-24,42A,DEM,1197,755,360,0
245,18-24,42A,OTH,72,31,14,0
246,18-24,42A,REP,1527,850,373,0
247,18-24,42A,UNA,1422,617,233,0
248,18-24,42B,DEM,1448,864,383,0
249,18-24,42B,OTH,64,21,12,0
250,18-24,42B,REP,714,374,178,0
251,18-24,42B,UNA,1090,468,183,0
252,18-24,42C,DEM,809,495,246,0
253,18-24,42C,OTH,76,39,12,0
254,18-24,42C,REP,1656,1052,460,0
255,18-24,42C,UNA,1269,572,193,0
256,18-24,43A,DEM,4410,2629,757,0
257,18-24,43A,OTH,156,62,9,0
258,18-24,43A,REP,237,108,23,0
259,18-24,43A,UNA,1398,679,156,1
260,18-24,43B,DEM,1987,1245,495,0
261,18-24,43B,OTH,63,28,17,0
262,18-24,43B,REP,396,199,108,0
263,18-24,43B,UNA,1043,487,159,0
264,18-24,44A,DEM,1206,645,297,0
265,18-24,44A,OTH,117,31,14,0
266,18-24,44A,REP,414,237,77,0
267,18-24,44A,UNA,1054,389,125,0
268,18-24,44B,DEM,3706,2131,940,0
269,18-24,44B,OTH,190,59,25,0
270,18-24,44B,REP,636,349,123,0
271,18-24,44B,UNA,1767,762,261,0
272,18-24,45,DEM,5759,2807,1166,3
273,18-24,45,OTH,236,51,17,0
274,18-24,45,REP,376,146,44,0
275,18-24,45,UNA,2118,739,214,1
276,18-24,46,DEM,3123,1771,678,0
277,18-24,46,OTH,198,52,18,0
278,18-24,46,REP,497,242,88,0
279,18-24,46,UNA,1601,643,184,0
280,18-24,47A,DEM,3091,1577,736,0
281,18-24,47A,OTH,177,44,12,0
282,18-24,47A,REP,318,137,30,0
283,18-24,47A,UNA,1649,535,173,0
284,18-24,47B,DEM,1173,606,245,0
285,18-24,47B,OTH,80,22,1,0
286,18-24,47B,REP,147,59,14,0
287,18-24,47B,UNA,680,244,68,0
288,25-34,36,DEM,1023,632,622,424
289,25-34,36,OTH,117,66,54,37
290,25-34,36,REP,1948,1401,1262,894
291,25-34,36,UNA,1237,642,570,349
292,25-34,01A,DEM,741,418,384,266
293,25-34,01A,OTH,88,35,34,19
294,25-34,01A,REP,2647,1710,1573,1095
295,25-34,01A,UNA,1066,441,360,203
296,25-34,01B,DEM,1260,673,630,432
297,25-34,01B,OTH,185,69,46,45
298,25-34,01B,REP,2012,1252,1050,820
299,25-34,01B,UNA,1507,592,498,319
300,25-34,01C,DEM,970,529,480,342
301,25-34,01C,OTH,134,52,51,40
302,25-34,01C,REP,2267,1431,1238,940
303,25-34,01C,UNA,1393,555,435,361
304,25-34,02A,DEM,2551,1467,1446,937
305,25-34,02A,OTH,266,122,96,76
306,25-34,02A,REP,3780,2491,2121,1615
307,25-34,02A,UNA,2836,1296,1082,754
308,25-34,02B,DEM,2157,1001,895,588
309,25-34,02B,OTH,195,66,47,44
310,25-34,02B,REP,1090,553,402,348
311,25-34,02B,UNA,1880,601,437,320
312,25-34,03,DEM,8990,5754,5334,3592
313,25-34,03,OTH,433,199,164,99
314,25-34,03,REP,3577,2176,1895,1315
315,25-34,03,UNA,5681,2811,2359,1428
316,25-34,04,DEM,4630,3006,3056,2007
317,25-34,04,OTH,325,169,168,122
318,25-34,04,REP,5245,3513,3244,2330
319,25-34,04,UNA,4432,2326,2151,1324
320,25-34,05,DEM,3927,2547,2640,1737
321,25-34,05,OTH,415,205,204,144
322,25-34,05,REP,6558,4465,4310,3145
323,25-34,05,UNA,4685,2404,2231,1455
324,25-34,06,DEM,6158,2900,2759,2148
325,25-34,06,OTH,513,159,132,105
326,25-34,06,REP,3458,2165,1676,1306
327,25-34,06,UNA,4453,1715,1307,959
328,25-34,07A,DEM,3774,2366,2308,1542
329,25-34,07A,OTH,251,107,102,80
330,25-34,07A,REP,2838,1928,1677,1340
331,25-34,07A,UNA,2662,1275,1163,754
332,25-34,07B,DEM,1379,903,915,586
333,25-34,07B,OTH,138,68,51,42
334,25-34,07B,REP,2035,1458,1333,937
335,25-34,07B,UNA,1479,804,703,456
336,25-34,08,DEM,9292,5444,5154,3684
337,25-34,08,OTH,450,171,156,132
338,25-34,08,REP,2643,1658,1338,1031
339,25-34,08,UNA,4491,2053,1661,1190
340,25-34,09A,DEM,3918,2403,2710,1733
341,25-34,09A,OTH,166,84,84,59
342,25-34,09A,REP,2061,1222,1318,872
343,25-34,09A,UNA,2465,1243,1319,754
344,25-34,09B,DEM,2112,1302,1450,940
345,25-34,09B,OTH,71,37,25,20
346,25-34,09B,REP,584,367,330,225
347,25-34,09B,UNA,1074,540,574,319
348,25-34,10,DEM,9814,5795,6001,4327
349,25-34,10,OTH,340,146,128,87
350,25-34,10,REP,1652,989,886,628
351,25-34,10,UNA,3622,1707,1562,1006
352,25-34,11A,DEM,3395,2072,2012,1449
353,25-34,11A,OTH,123,62,44,35
354,25-34,11A,REP,545,315,263,189
355,25-34,11A,UNA,1231,588,528,321
356,25-34,11B,DEM,4711,2960,3002,2129
357,25-34,11B,OTH,179,82,69,53
358,25-34,11B,REP,1905,1191,1101,713
359,25-34,11B,UNA,1988,948,934,540
360,25-34,12A,DEM,6674,4466,4241,2791
361,25-34,12A,OTH,254,121,112,64
362,25-34,12A,REP,1657,1044,923,590
363,25-34,12A,UNA,3521,1891,1566,918
364,25-34,12B,DEM,2542,1414,1338,932
365,25-34,12B,OTH,184,73,57,39
366,25-34,12B,REP,1062,645,524,383
367,25-34,12B,UNA,1738,725,591,358
368,25-34,13,DEM,9435,6252,6080,3991
369,25-34,13,OTH,362,143,129,109
370,25-34,13,REP,2143,1330,1127,751
371,25-34,13,UNA,4622,2442,2152,1282
372,25-34,14,DEM,7875,4938,5407,3524
373,25-34,14,OTH,285,125,139,87
374,25-34,14,REP,1972,1178,1168,781
375,25-34,14,UNA,3843,1917,1994,1154
376,25-34,15,DEM,8230,5067,5337,3270
377,25-34,15,OTH,290,128,122,80
378,25-34,15,REP,1911,1082,1050,659
379,25-34,15,UNA,4268,2090,1983,1044
380,25-34,16,DEM,8618,5301,4865,2981
381,25-34,16,OTH,196,96,92,62
382,25-34,16,REP,1571,886,800,461
383,25-34,16,UNA,3379,1764,1422,766
384,25-34,17,DEM,8992,5931,5224,3186
385,25-34,17,OTH,297,138,112,80
386,25-34,17,REP,1601,988,747,433
387,25-34,17,UNA,4274,2200,1815,966
388,25-34,18,DEM,8319,5434,4903,3055
389,25-34,18,OTH,229,97,94,56
390,25-34,18,REP,1263,779,635,384
391,25-34,18,UNA,3318,1771,1456,807
392,25-34,19,DEM,7255,4605,4610,2925
393,25-34,19,OTH,262,112,111,70
394,25-34,19,REP,1549,927,787,492
395,25-34,19,UNA,3389,1710,1595,888
396,25-34,20,DEM,9784,6417,5115,3101
397,25-34,20,OTH,287,110,106,58
398,25-34,20,REP,819,471,339,216
399,25-34,20,UNA,3306,1673,1269,677
400,25-34,21,DEM,9884,5187,5155,3618
401,25-34,21,OTH,375,123,111,73
402,25-34,21,REP,1835,839,694,502
403,25-34,21,UNA,4916,1937,1671,1051
404,25-34,22,DEM,9983,5317,5229,3630
405,25-34,22,OTH,360,123,98,67
406,25-34,22,REP,948,486,363,222
407,25-34,22,UNA,3498,1433,1270,774
408,25-34,23,DEM,12089,7245,7630,5446
409,25-34,23,OTH,363,144,158,102
410,25-34,23,REP,1220,658,573,413
411,25-34,23,UNA,4101,1841,1783,1144
412,25-34,24,DEM,12758,6586,7027,5109
413,25-34,24,OTH,422,142,140,98
414,25-34,24,REP,708,305,270,192
415,25-34,24,UNA,3633,1460,1326,872
416,25-34,25,DEM,13723,7312,7696,5688
417,25-34,25,OTH,405,134,127,81
418,25-34,25,REP,721,290,246,152
419,25-34,25,UNA,3651,1403,1347,896
420,25-34,26,DEM,12067,5910,6176,4581
421,25-34,26,OTH,350,107,102,63
422,25-34,26,REP,738,323,246,154
423,25-34,26,UNA,3665,1368,1236,791
424,25-34,27A,DEM,3956,2171,2299,1699
425,25-34,27A,OTH,111,38,27,19
426,25-34,27A,REP,534,292,260,183
427,25-34,27A,UNA,1355,562,542,372
428,25-34,27B,DEM,2917,1741,1791,1273
429,25-34,27B,OTH,124,49,42,32
430,25-34,27B,REP,1188,776,672,502
431,25-34,27B,UNA,1426,692,568,362
432,25-34,27C,DEM,1647,975,985,682
433,25-34,27C,OTH,123,65,52,38
434,25-34,27C,REP,2095,1464,1205,969
435,25-34,27C,UNA,1453,698,609,419
436,25-34,28,DEM,10288,5948,6176,4359
437,25-34,28,OTH,383,161,151,109
438,25-34,28,REP,2643,1650,1404,980
439,25-34,28,UNA,4537,2126,1876,1207
440,25-34,29A,DEM,1267,727,726,500
441,25-34,29A,OTH,119,57,53,34
442,25-34,29A,REP,2430,1746,1474,1082
443,25-34,29A,UNA,1574,796,624,442
444,25-34,29B,DEM,2618,1479,1389,893
445,25-34,29B,OTH,202,101,82,46
446,25-34,29B,REP,1564,973,767,487
447,25-34,29B,UNA,2040,970,690,383
448,25-34,29C,DEM,1737,1035,1008,674
449,25-34,29C,OTH,172,90,76,51
450,25-34,29C,REP,2113,1429,1155,859
451,25-34,29C,UNA,1730,840,646,415
452,25-34,30A,DEM,4668,2953,2763,1793
453,25-34,30A,OTH,235,103,92,63
454,25-34,30A,REP,2559,1611,1365,892
455,25-34,30A,UNA,2866,1425,1207,710
456,25-34,30B,DEM,1380,841,875,564
457,25-34,30B,OTH,97,43,42,31
458,25-34,30B,REP,1828,1253,1112,793
459,25-34,30B,UNA,1364,716,625,368
460,25-34,31,DEM,5554,3617,3564,2263
461,25-34,31,OTH,435,230,192,114
462,25-34,31,REP,5524,3825,3373,2412
463,25-34,31,UNA,5103,2660,2254,1386
464,25-34,32,DEM,8924,5400,5007,3240
465,25-34,32,OTH,460,193,143,82
466,25-34,32,REP,2914,1833,1447,947
467,25-34,32,UNA,5773,2629,2136,1191
468,25-34,33A,DEM,2785,1788,1620,1049
469,25-34,33A,OTH,145,70,51,30
470,25-34,33A,REP,1034,647,521,339
471,25-34,33A,UNA,1956,1044,774,443
472,25-34,33B,DEM,1789,1198,1229,793
473,25-34,33B,OTH,126,56,76,38
474,25-34,33B,REP,1441,961,902,610
475,25-34,33B,UNA,1428,749,706,404
476,25-34,33C,DEM,1808,1217,1190,794
477,25-34,33C,OTH,109,47,55,41
478,25-34,33C,REP,1504,980,893,648
479,25-34,33C,UNA,1425,758,688,411
480,25-34,34A,DEM,5166,2932,2854,1941
481,25-34,34A,OTH,399,179,146,101
482,25-34,34A,REP,2387,1492,1193,882
483,25-34,34A,UNA,3713,1670,1344,876
484,25-34,34B,DEM,1928,1345,1277,837
485,25-34,34B,OTH,164,83,67,47
486,25-34,34B,REP,2049,1469,1303,982
487,25-34,34B,UNA,1743,948,841,504
488,25-34,35A,DEM,2316,1496,1563,991
489,25-34,35A,OTH,278,155,143,106
490,25-34,35A,REP,4513,3282,3042,2200
491,25-34,35A,UNA,2764,1484,1380,839
492,25-34,35B,DEM,1238,669,603,396
493,25-34,35B,OTH,175,83,55,38
494,25-34,35B,REP,2527,1748,1403,940
495,25-34,35B,UNA,1680,733,513,359
496,25-34,36,DEM,2971,1596,1417,891
497,25-34,36,OTH,309,136,122,81
498,25-34,36,REP,4279,2980,2432,1697
499,25-34,36,UNA,3299,1498,1106,682
500,25-34,37A,DEM,2592,1084,1041,776
501,25-34,37A,OTH,162,59,41,26
502,25-34,37A,REP,1060,629,523,363
503,25-34,37A,UNA,1483,518,456,266
504,25-34,37B,DEM,2726,1462,1525,976
505,25-34,37B,OTH,248,112,102,73
506,25-34,37B,REP,3842,2647,2377,1735
507,25-34,37B,UNA,2570,1120,1004,618
508,25-34,38A,DEM,1663,818,836,592
509,25-34,38A,OTH,122,50,39,35
510,25-34,38A,REP,1736,1136,1040,754
511,25-34,38A,UNA,1273,481,435,283
512,25-34,38B,DEM,1998,1027,1028,698
513,25-34,38B,OTH,159,55,56,41
514,25-34,38B,REP,1226,739,607,454
515,25-34,38B,UNA,1686,674,584,326
516,25-34,38C,DEM,1133,604,632,375
517,25-34,38C,OTH,154,67,59,38
518,25-34,38C,REP,2084,1342,1221,816
519,25-34,38C,UNA,1507,656,594,323
520,25-34,39,DEM,8505,5095,5262,3303
521,25-34,39,OTH,347,143,142,78
522,25-34,39,REP,1575,901,756,486
523,25-34,39,UNA,4315,2081,1888,1025
524,25-34,40,DEM,13539,6659,5628,4370
525,25-34,40,OTH,552,178,132,101
526,25-34,40,REP,871,308,238,179
527,25-34,40,UNA,3954,1402,1063,744
528,25-34,41,DEM,10578,5161,5131,4008
529,25-34,41,OTH,375,106,84,81
530,25-34,41,REP,1244,579,425,269
531,25-34,41,UNA,3040,1108,920,692
532,25-34,42A,DEM,1299,826,931,596
533,25-34,42A,OTH,104,43,53,41
534,25-34,42A,REP,1658,1086,1105,738
535,25-34,42A,UNA,1036,546,562,335
536,25-34,42B,DEM,2552,1567,1566,981
537,25-34,42B,OTH,116,58,46,29
538,25-34,42B,REP,961,581,532,369
539,25-34,42B,UNA,1226,629,567,358
540,25-34,42C,DEM,1135,725,760,511
541,25-34,42C,OTH,120,66,58,47
542,25-34,42C,REP,2310,1585,1511,1102
543,25-34,42C,UNA,1439,765,709,464
544,25-34,43A,DEM,8757,4685,4270,3246
545,25-34,43A,OTH,283,108,83,63
546,25-34,43A,REP,419,154,123,101
547,25-34,43A,UNA,2214,841,701,511
548,25-34,43B,DEM,2644,1641,1554,989
549,25-34,43B,OTH,96,40,44,24
550,25-34,43B,REP,609,366,357,218
551,25-34,43B,UNA,1057,518,428,272
552,25-34,44A,DEM,2437,1425,1353,957
553,25-34,44A,OTH,184,60,62,41
554,25-34,44A,REP,879,530,446,282
555,25-34,44A,UNA,1403,643,528,347
556,25-34,44B,DEM,6515,3844,3898,2861
557,25-34,44B,OTH,271,105,103,63
558,25-34,44B,REP,1120,684,582,413
559,25-34,44B,UNA,2366,1068,990,689
560,25-34,45,DEM,11533,5320,5000,4181
561,25-34,45,OTH,479,118,113,82
562,25-34,45,REP,814,301,226,176
563,25-34,45,UNA,3334,1089,947,720
564,25-34,46,DEM,16970,11123,8124,4659
565,25-34,46,OTH,555,233,173,80
566,25-34,46,REP,3067,1783,1409,852
567,25-34,46,UNA,6624,3459,2310,1070
568,25-34,47A,DEM,6418,3205,3048,2102
569,25-34,47A,OTH,254,74,59,37
570,25-34,47A,REP,559,268,165,108
571,25-34,47A,UNA,2135,815,644,403
572,25-34,47B,DEM,2144,1059,1049,621
573,25-34,47B,OTH,93,32,26,22
574,25-34,47B,REP,208,104,74,41
575,25-34,47B,UNA,815,290,252,130
576,35-50,36,DEM,1710,1240,1201,1005
577,35-50,36,OTH,136,88,73,61
578,35-50,36,REP,3469,2857,2664,2272
579,35-50,36,UNA,1867,1261,1101,874
580,35-50,01A,DEM,1141,753,660,572
581,35-50,01A,OTH,158,83,68,50
582,35-50,01A,REP,4237,3125,2947,2525
583,35-50,01A,UNA,1528,758,636,534
584,35-50,01B,DEM,2024,1226,1129,1022
585,35-50,01B,OTH,234,88,92,68
586,35-50,01B,REP,3419,2356,2114,1895
587,35-50,01B,UNA,2100,1051,832,708
588,35-50,01C,DEM,1532,963,881,800
589,35-50,01C,OTH,199,90,77,78
590,35-50,01C,REP,3696,2729,2450,2244
591,35-50,01C,UNA,2004,1087,886,807
592,35-50,02A,DEM,3907,2815,2546,2154
593,35-50,02A,OTH,337,196,164,141
594,35-50,02A,REP,6709,5246,4565,4161
595,35-50,02A,UNA,4496,2748,2310,1983
596,35-50,02B,DEM,3128,1759,1632,1394
597,35-50,02B,OTH,251,97,93,79
598,35-50,02B,REP,1950,1160,969,908
599,35-50,02B,UNA,2450,1059,866,733
600,35-50,03,DEM,13082,9781,8981,7210
601,35-50,03,OTH,583,305,260,213
602,35-50,03,REP,5556,3918,3544,2896
603,35-50,03,UNA,8478,5336,4502,3324
604,35-50,04,DEM,9420,7654,7082,5887
605,35-50,04,OTH,538,358,310,261
606,35-50,04,REP,10300,8414,7734,6782
607,35-50,04,UNA,8778,6106,5324,4157
608,35-50,05,DEM,6836,5417,5184,4488
609,35-50,05,OTH,621,412,378,323
610,35-50,05,REP,11479,9347,8836,7826
611,35-50,05,UNA,7728,5260,4824,3953
612,35-50,06,DEM,9103,5043,4851,4684
613,35-50,06,OTH,727,280,266,216
614,35-50,06,REP,6412,4499,4022,3549
615,35-50,06,UNA,6326,3028,2635,2297
616,35-50,07A,DEM,6701,5009,4795,4224
617,35-50,07A,OTH,391,218,198,172
618,35-50,07A,REP,5300,4148,3825,3533
619,35-50,07A,UNA,4520,2815,2580,2150
620,35-50,07B,DEM,2514,1951,1936,1642
621,35-50,07B,OTH,195,130,114,88
622,35-50,07B,REP,4209,3498,3358,2975
623,35-50,07B,UNA,2514,1735,1573,1274
624,35-50,08,DEM,13279,8761,8450,7830
625,35-50,08,OTH,672,347,293,273
626,35-50,08,REP,4348,2953,2632,2437
627,35-50,08,UNA,6244,3319,2981,2538
628,35-50,09A,DEM,7383,5989,5600,4546
629,35-50,09A,OTH,283,157,154,119
630,35-50,09A,REP,4356,3470,3220,2685
631,35-50,09A,UNA,5730,4178,3660,2550
632,35-50,09B,DEM,3863,3080,2857,2311
633,35-50,09B,OTH,118,65,54,50
634,35-50,09B,REP,1189,905,799,644
635,35-50,09B,UNA,2515,1778,1488,1067
636,35-50,10,DEM,14312,9988,10045,9053
637,35-50,10,OTH,524,243,228,197
638,35-50,10,REP,2659,1838,1696,1468
639,35-50,10,UNA,5036,2839,2776,2248
640,35-50,11A,DEM,4743,3411,3363,2910
641,35-50,11A,OTH,150,78,62,50
642,35-50,11A,REP,770,518,458,411
643,35-50,11A,UNA,1632,1012,909,728
644,35-50,11B,DEM,8080,6142,5865,5135
645,35-50,11B,OTH,281,165,139,123
646,35-50,11B,REP,3206,2443,2153,1855
647,35-50,11B,UNA,3765,2459,2155,1672
648,35-50,12A,DEM,10030,7822,7439,6227
649,35-50,12A,OTH,368,184,165,140
650,35-50,12A,REP,2554,1887,1703,1394
651,35-50,12A,UNA,5194,3457,3129,2323
652,35-50,12B,DEM,3628,2255,2258,1946
653,35-50,12B,OTH,252,114,107,84
654,35-50,12B,REP,1875,1202,1098,901
655,35-50,12B,UNA,2450,1251,1107,831
656,35-50,13,DEM,15263,12012,11347,9447
657,35-50,13,OTH,541,296,248,204
658,35-50,13,REP,3771,2792,2536,2046
659,35-50,13,UNA,7922,5400,4870,3541
660,35-50,14,DEM,13037,9958,9543,7836
661,35-50,14,OTH,426,230,214,176
662,35-50,14,REP,3716,2698,2453,1995
663,35-50,14,UNA,6480,4159,3843,2804
664,35-50,15,DEM,13334,10378,9469,7324
665,35-50,15,OTH,437,250,213,153
666,35-50,15,REP,3679,2674,2348,1751
667,35-50,15,UNA,8159,5505,4698,3197
668,35-50,16,DEM,13662,11021,8730,6222
669,35-50,16,OTH,278,152,143,89
670,35-50,16,REP,2871,2072,1738,1254
671,35-50,16,UNA,6931,4919,3721,2409
672,35-50,17,DEM,12385,9484,8502,6511
673,35-50,17,OTH,455,250,197,157
674,35-50,17,REP,2409,1658,1412,1048
675,35-50,17,UNA,6570,4168,3441,2392
676,35-50,18,DEM,14518,11626,10037,7551
677,35-50,18,OTH,370,199,153,124
678,35-50,18,REP,2340,1682,1399,1001
679,35-50,18,UNA,5778,3852,3184,2202
680,35-50,19,DEM,11548,8704,8138,6424
681,35-50,19,OTH,348,187,170,134
682,35-50,19,REP,2745,1913,1673,1259
683,35-50,19,UNA,5498,3467,3057,2238
684,35-50,20,DEM,15919,12038,10495,7661
685,35-50,20,OTH,422,198,166,109
686,35-50,20,REP,1712,1127,872,589
687,35-50,20,UNA,5226,3158,2591,1722
688,35-50,21,DEM,12983,8248,8034,6570
689,35-50,21,OTH,732,204,189,141
690,35-50,21,REP,2774,1635,1442,1119
691,35-50,21,UNA,5888,3086,2812,2133
692,35-50,22,DEM,14574,8995,8679,6978
693,35-50,22,OTH,594,166,159,118
694,35-50,22,REP,1439,771,632,454
695,35-50,22,UNA,4767,2343,2146,1503
696,35-50,23,DEM,19589,13758,13644,11616
697,35-50,23,OTH,666,237,206,175
698,35-50,23,REP,2302,1336,1208,1013
699,35-50,23,UNA,6083,3470,3270,2616
700,35-50,24,DEM,19313,11357,11432,9779
701,35-50,24,OTH,782,215,219,175
702,35-50,24,REP,1295,626,539,409
703,35-50,24,UNA,4950,2373,2246,1686
704,35-50,25,DEM,21418,12981,13144,11198
705,35-50,25,OTH,756,217,202,169
706,35-50,25,REP,1185,548,472,353
707,35-50,25,UNA,5031,2371,2265,1747
708,35-50,26,DEM,18458,10555,10573,8947
709,35-50,26,OTH,720,199,190,139
710,35-50,26,REP,1364,651,512,388
711,35-50,26,UNA,5312,2383,2221,1634
712,35-50,27A,DEM,6700,4758,4690,3980
713,35-50,27A,OTH,212,86,82,60
714,35-50,27A,REP,946,607,530,417
715,35-50,27A,UNA,2096,1164,1035,795
716,35-50,27B,DEM,4849,3517,3286,2839
717,35-50,27B,OTH,241,117,96,78
718,35-50,27B,REP,2333,1745,1440,1294
719,35-50,27B,UNA,2559,1612,1255,992
720,35-50,27C,DEM,2670,1923,1770,1556
721,35-50,27C,OTH,205,136,110,98
722,35-50,27C,REP,3940,3221,2698,2497
723,35-50,27C,UNA,2640,1818,1375,1175
724,35-50,28,DEM,17416,12946,12355,10378
725,35-50,28,OTH,566,297,259,189
726,35-50,28,REP,4798,3512,3129,2583
727,35-50,28,UNA,7212,4332,3729,2903
728,35-50,29A,DEM,2030,1438,1336,1176
729,35-50,29A,OTH,180,109,85,63
730,35-50,29A,REP,4303,3519,3128,2777
731,35-50,29A,UNA,2349,1534,1258,1051
732,35-50,29B,DEM,3134,2113,2000,1638
733,35-50,29B,OTH,219,111,100,78
734,35-50,29B,REP,2267,1663,1459,1151
735,35-50,29B,UNA,2403,1387,1205,883
736,35-50,29C,DEM,2545,1833,1701,1490
737,35-50,29C,OTH,226,122,101,88
738,35-50,29C,REP,3629,2848,2424,2190
739,35-50,29C,UNA,2635,1716,1329,1104
740,35-50,30A,DEM,6390,4726,4354,3552
741,35-50,30A,OTH,293,141,135,112
742,35-50,30A,REP,3483,2576,2330,1945
743,35-50,30A,UNA,4010,2452,2186,1610
744,35-50,30B,DEM,2401,1801,1689,1372
745,35-50,30B,OTH,178,98,89,75
746,35-50,30B,REP,3098,2478,2279,1919
747,35-50,30B,UNA,2352,1568,1377,1045
748,35-50,31,DEM,9651,7311,7040,5761
749,35-50,31,OTH,673,390,348,270
750,35-50,31,REP,10151,8017,7390,6258
751,35-50,31,UNA,8613,5596,5006,3776
752,35-50,32,DEM,12912,8930,8627,7065
753,35-50,32,OTH,621,300,253,201
754,35-50,32,REP,4709,3185,2819,2290
755,35-50,32,UNA,7750,4298,3941,2838
756,35-50,33A,DEM,4541,3474,3300,2674
757,35-50,33A,OTH,188,112,90,70
758,35-50,33A,REP,1790,1281,1174,947
759,35-50,33A,UNA,2924,1903,1680,1219
760,35-50,33B,DEM,3560,2922,2734,2254
761,35-50,33B,OTH,177,116,114,79
762,35-50,33B,REP,2987,2370,2202,1901
763,35-50,33B,UNA,2965,2137,1904,1422
764,35-50,33C,DEM,3710,3033,2841,2309
765,35-50,33C,OTH,215,143,122,103
766,35-50,33C,REP,3023,2397,2206,1866
767,35-50,33C,UNA,2975,2166,1905,1447
768,35-50,34A,DEM,7833,5291,5155,4369
769,35-50,34A,OTH,532,260,239,192
770,35-50,34A,REP,3995,2856,2563,2169
771,35-50,34A,UNA,5070,2823,2487,1918
772,35-50,34B,DEM,2999,2353,2294,1943
773,35-50,34B,OTH,217,143,121,99
774,35-50,34B,REP,3417,2759,2534,2310
775,35-50,34B,UNA,2666,1781,1660,1325
776,35-50,35A,DEM,3869,3116,2974,2562
777,35-50,35A,OTH,378,242,222,200
778,35-50,35A,REP,8641,7299,6921,6258
779,35-50,35A,UNA,4692,3305,3003,2459
780,35-50,35B,DEM,1777,1153,1009,835
781,35-50,35B,OTH,231,107,84,78
782,35-50,35B,REP,4497,3566,3007,2771
783,35-50,35B,UNA,2344,1274,1019,825
784,35-50,36,DEM,4509,2811,2514,2063
785,35-50,36,OTH,425,210,169,140
786,35-50,36,REP,7148,5548,4839,4219
787,35-50,36,UNA,4439,2471,2051,1587
788,35-50,37A,DEM,3600,1829,1843,1713
789,35-50,37A,OTH,202,69,69,49
790,35-50,37A,REP,1526,1029,944,780
791,35-50,37A,UNA,1729,728,669,562
792,35-50,37B,DEM,4248,2843,2714,2301
793,35-50,37B,OTH,357,189,177,144
794,35-50,37B,REP,6592,5294,4889,4294
795,35-50,37B,UNA,3855,2260,1993,1550
796,35-50,38A,DEM,2734,1619,1650,1397
797,35-50,38A,OTH,166,81,70,62
798,35-50,38A,REP,3013,2283,2169,1876
799,35-50,38A,UNA,1906,972,899,702
800,35-50,38B,DEM,2764,1760,1728,1433
801,35-50,38B,OTH,194,75,72,56
802,35-50,38B,REP,1948,1370,1227,1033
803,35-50,38B,UNA,1908,1049,905,690
804,35-50,38C,DEM,1718,1125,1075,897
805,35-50,38C,OTH,220,108,86,86
806,35-50,38C,REP,3377,2594,2407,2061
807,35-50,38C,UNA,2182,1260,1118,873
808,35-50,39,DEM,11960,8547,8231,6636
809,35-50,39,OTH,542,264,263,191
810,35-50,39,REP,2701,1821,1490,1118
811,35-50,39,UNA,6560,3931,3500,2416
812,35-50,40,DEM,19443,10031,9888,9515
813,35-50,40,OTH,692,172,173,160
814,35-50,40,REP,1490,532,481,440
815,35-50,40,UNA,5053,1806,1672,1415
816,35-50,41,DEM,17069,10236,10190,9599
817,35-50,41,OTH,534,201,175,148
818,35-50,41,REP,1749,863,736,628
819,35-50,41,UNA,4189,1841,1669,1427
820,35-50,42A,DEM,2767,2294,2212,1894
821,35-50,42A,OTH,182,116,116,100
822,35-50,42A,REP,3429,2835,2714,2420
823,35-50,42A,UNA,2310,1647,1542,1270
824,35-50,42B,DEM,3729,2825,2738,2325
825,35-50,42B,OTH,169,84,71,57
826,35-50,42B,REP,1475,1106,1042,934
827,35-50,42B,UNA,1905,1216,1120,890
828,35-50,42C,DEM,1879,1467,1408,1263
829,35-50,42C,OTH,187,120,114,97
830,35-50,42C,REP,4057,3348,3076,2773
831,35-50,42C,UNA,2433,1593,1455,1221
832,35-50,43A,DEM,13043,7945,7807,7398
833,35-50,43A,OTH,390,120,134,109
834,35-50,43A,REP,792,314,302,252
835,35-50,43A,UNA,3001,1247,1207,1025
836,35-50,43B,DEM,4030,3219,3094,2673
837,35-50,43B,OTH,124,59,54,38
838,35-50,43B,REP,858,645,592,531
839,35-50,43B,UNA,1548,1002,907,719
840,35-50,44A,DEM,3582,2391,2389,2080
841,35-50,44A,OTH,231,103,90,71
842,35-50,44A,REP,1555,1062,915,727
843,35-50,44A,UNA,1868,988,900,723
844,35-50,44B,DEM,9774,6645,6623,6070
845,35-50,44B,OTH,360,163,150,141
846,35-50,44B,REP,1980,1370,1199,1028
847,35-50,44B,UNA,3355,1789,1687,1436
848,35-50,45,DEM,18557,10341,10349,10252
849,35-50,45,OTH,702,226,214,194
850,35-50,45,REP,1499,622,541,505
851,35-50,45,UNA,4566,1851,1709,1584
852,35-50,46,DEM,16323,10039,9210,7719
853,35-50,46,OTH,648,228,197,171
854,35-50,46,REP,2983,1339,1317,1109
855,35-50,46,UNA,6411,2761,2480,1733
856,35-50,47A,DEM,9153,5122,4890,3879
857,35-50,47A,OTH,420,130,103,88
858,35-50,47A,REP,891,463,358,263
859,35-50,47A,UNA,2769,1203,1034,783
860,35-50,47B,DEM,2269,1148,1158,919
861,35-50,47B,OTH,147,33,18,11
862,35-50,47B,REP,294,148,112,75
863,35-50,47B,UNA,853,336,298,208
864,51-64,36,DEM,1998,1635,1556,1386
865,51-64,36,OTH,106,76,66,58
866,51-64,36,REP,4715,4104,3999,3630
867,51-64,36,UNA,1557,1172,1119,979
868,51-64,01A,DEM,1109,833,753,652
869,51-64,01A,OTH,97,57,53,49
870,51-64,01A,REP,5112,4217,3941,3583
871,51-64,01A,UNA,932,600,521,447
872,51-64,01B,DEM,1831,1271,1182,1086
873,51-64,01B,OTH,116,62,55,51
874,51-64,01B,REP,4192,3347,3100,2904
875,51-64,01B,UNA,1267,757,653,605
876,51-64,01C,DEM,1490,1100,1049,975
877,51-64,01C,OTH,74,47,31,30
878,51-64,01C,REP,4901,4108,3826,3601
879,51-64,01C,UNA,1273,845,765,674
880,51-64,02A,DEM,3755,3036,2845,2651
881,51-64,02A,OTH,195,127,115,107
882,51-64,02A,REP,8632,7359,6885,6560
883,51-64,02A,UNA,3055,2274,1998,1841
884,51-64,02B,DEM,2474,1603,1527,1381
885,51-64,02B,OTH,94,48,35,32
886,51-64,02B,REP,2148,1526,1414,1287
887,51-64,02B,UNA,1243,674,611,536
888,51-64,03,DEM,9198,7307,7156,6431
889,51-64,03,OTH,268,161,141,131
890,51-64,03,REP,6137,4831,4808,4361
891,51-64,03,UNA,4800,3355,3257,2692
892,51-64,04,DEM,7285,6255,6114,5599
893,51-64,04,OTH,259,180,166,137
894,51-64,04,REP,12411,10672,10565,9928
895,51-64,04,UNA,5868,4589,4435,3894
896,51-64,05,DEM,5607,4759,4697,4330
897,51-64,05,OTH,357,249,246,228
898,51-64,05,REP,13974,12158,12021,11133
899,51-64,05,UNA,5030,3858,3757,3277
900,51-64,06,DEM,7672,5113,5093,4670
901,51-64,06,OTH,328,160,149,130
902,51-64,06,REP,7608,5881,5617,5109
903,51-64,06,UNA,3441,1976,1871,1614
904,51-64,07A,DEM,4965,3910,3866,3572
905,51-64,07A,OTH,210,149,142,138
906,51-64,07A,REP,6568,5561,5368,5094
907,51-64,07A,UNA,2690,1936,1797,1593
908,51-64,07B,DEM,2048,1691,1687,1544
909,51-64,07B,OTH,127,90,92,86
910,51-64,07B,REP,4664,4101,4055,3783
911,51-64,07B,UNA,1545,1171,1175,1046
912,51-64,08,DEM,9756,7222,7217,6681
913,51-64,08,OTH,291,178,164,132
914,51-64,08,REP,5134,3976,3818,3616
915,51-64,08,UNA,3293,2104,1978,1714
916,51-64,09A,DEM,6440,5496,5524,4990
917,51-64,09A,OTH,204,145,138,120
918,51-64,09A,REP,6182,5307,5327,4921
919,51-64,09A,UNA,4520,3653,3600,2986
920,51-64,09B,DEM,3194,2709,2718,2458
921,51-64,09B,OTH,87,63,55,53
922,51-64,09B,REP,1860,1545,1547,1427
923,51-64,09B,UNA,2005,1581,1567,1300
924,51-64,10,DEM,13908,11259,11363,10554
925,51-64,10,OTH,290,173,164,151
926,51-64,10,REP,3425,2740,2700,2481
927,51-64,10,UNA,3339,2292,2297,2005
928,51-64,11A,DEM,4165,3414,3429,3157
929,51-64,11A,OTH,85,50,48,42
930,51-64,11A,REP,925,736,724,679
931,51-64,11A,UNA,1057,729,732,601
932,51-64,11B,DEM,7093,6000,5920,5514
933,51-64,11B,OTH,163,107,111,98
934,51-64,11B,REP,3845,3244,3163,2949
935,51-64,11B,UNA,2635,1913,1842,1584
936,51-64,12A,DEM,7629,6418,6355,5837
937,51-64,12A,OTH,201,135,137,121
938,51-64,12A,REP,3371,2818,2822,2599
939,51-64,12A,UNA,3275,2395,2400,2043
940,51-64,12B,DEM,3005,2082,2121,1877
941,51-64,12B,OTH,112,51,58,50
942,51-64,12B,REP,2073,1492,1460,1306
943,51-64,12B,UNA,1312,746,735,624
944,51-64,13,DEM,11168,9430,9339,8569
945,51-64,13,OTH,318,205,196,165
946,51-64,13,REP,4563,3730,3693,3388
947,51-64,13,UNA,4982,3748,3723,3129
948,51-64,14,DEM,12107,10034,10088,9128
949,51-64,14,OTH,277,178,182,150
950,51-64,14,REP,5243,4250,4234,3829
951,51-64,14,UNA,5038,3702,3664,3131
952,51-64,15,DEM,11993,10075,10187,9143
953,51-64,15,OTH,362,247,242,191
954,51-64,15,REP,5213,4213,4226,3710
955,51-64,15,UNA,7385,5481,5483,4568
956,51-64,16,DEM,13177,11544,11172,9932
957,51-64,16,OTH,239,172,174,132
958,51-64,16,REP,3764,2995,2940,2621
959,51-64,16,UNA,5937,4607,4330,3615
960,51-64,17,DEM,9941,8018,7904,7016
961,51-64,17,OTH,300,175,162,130
962,51-64,17,REP,3278,2441,2377,2097
963,51-64,17,UNA,5014,3523,3406,2785
964,51-64,18,DEM,11727,9762,9516,8622
965,51-64,18,OTH,244,165,160,135
966,51-64,18,REP,2780,2109,2099,1820
967,51-64,18,UNA,4107,2989,2820,2388
968,51-64,19,DEM,10076,8045,7984,7109
969,51-64,19,OTH,240,159,155,118
970,51-64,19,REP,3239,2507,2450,2122
971,51-64,19,UNA,4347,3024,2950,2377
972,51-64,20,DEM,12101,9646,9475,8442
973,51-64,20,OTH,252,137,138,108
974,51-64,20,REP,1677,1206,1114,918
975,51-64,20,UNA,3245,2070,1978,1582
976,51-64,21,DEM,10241,7465,7493,6659
977,51-64,21,OTH,541,185,176,147
978,51-64,21,REP,2880,2067,2020,1789
979,51-64,21,UNA,3081,1958,1887,1562
980,51-64,22,DEM,11832,8138,8341,7350
981,51-64,22,OTH,498,149,153,137
982,51-64,22,REP,1263,753,708,606
983,51-64,22,UNA,2444,1370,1350,1101
984,51-64,23,DEM,21405,17188,17476,16086
985,51-64,23,OTH,588,248,254,218
986,51-64,23,REP,2823,1956,1996,1789
987,51-64,23,UNA,3836,2605,2617,2249
988,51-64,24,DEM,20035,14025,14340,12971
989,51-64,24,OTH,576,151,156,130
990,51-64,24,REP,1222,689,693,566
991,51-64,24,UNA,2691,1522,1559,1300
992,51-64,25,DEM,21989,15849,16185,14619
993,51-64,25,OTH,528,147,156,138
994,51-64,25,REP,1050,554,549,467
995,51-64,25,UNA,2512,1432,1402,1164
996,51-64,26,DEM,19955,13957,14240,12722
997,51-64,26,OTH,566,167,157,135
998,51-64,26,REP,1444,803,800,652
999,51-64,26,UNA,2834,1526,1540,1241
1000,51-64,27A,DEM,6896,5590,5591,5059
1001,51-64,27A,OTH,119,50,55,47
1002,51-64,27A,REP,1402,1077,1091,951
1003,51-64,27A,UNA,1277,827,810,668
1004,51-64,27B,DEM,5412,4339,4269,3939
1005,51-64,27B,OTH,187,90,78,83
1006,51-64,27B,REP,2789,2336,2166,2096
1007,51-64,27B,UNA,1644,1182,1068,968
1008,51-64,27C,DEM,2858,2358,2253,2140
1009,51-64,27C,OTH,105,77,65,56
1010,51-64,27C,REP,4589,3998,3640,3631
1011,51-64,27C,UNA,1641,1280,1151,1049
1012,51-64,28,DEM,17370,14295,14205,12871
1013,51-64,28,OTH,284,181,164,145
1014,51-64,28,REP,6276,5125,5044,4530
1015,51-64,28,UNA,4404,3082,2988,2549
1016,51-64,29A,DEM,2236,1720,1672,1521
1017,51-64,29A,OTH,104,69,66,59
1018,51-64,29A,REP,4758,4138,3894,3557
1019,51-64,29A,UNA,1506,1125,1033,903
1020,51-64,29B,DEM,2481,1846,1843,1626
1021,51-64,29B,OTH,86,55,50,38
1022,51-64,29B,REP,2426,1962,1904,1669
1023,51-64,29B,UNA,1231,856,804,659
1024,51-64,29C,DEM,2419,2000,1876,1740
1025,51-64,29C,OTH,129,93,78,65
1026,51-64,29C,REP,4637,4031,3690,3487
1027,51-64,29C,UNA,1697,1284,1153,1023
1028,51-64,30A,DEM,6060,5079,4852,4382
1029,51-64,30A,OTH,180,125,108,107
1030,51-64,30A,REP,4670,3869,3771,3366
1031,51-64,30A,UNA,3127,2339,2233,1874
1032,51-64,30B,DEM,2446,2071,1992,1766
1033,51-64,30B,OTH,89,64,59,55
1034,51-64,30B,REP,4045,3443,3402,3056
1035,51-64,30B,UNA,1870,1415,1348,1149
1036,51-64,31,DEM,7200,5756,5716,5151
1037,51-64,31,OTH,283,179,169,145
1038,51-64,31,REP,11785,9850,9812,8896
1039,51-64,31,UNA,5111,3763,3657,3051
1040,51-64,32,DEM,10261,7823,7784,6921
1041,51-64,32,OTH,287,160,158,123
1042,51-64,32,REP,5299,4027,4047,3506
1043,51-64,32,UNA,4022,2649,2606,2087
1044,51-64,33A,DEM,3209,2620,2657,2391
1045,51-64,33A,OTH,101,79,68,54
1046,51-64,33A,REP,1954,1583,1589,1449
1047,51-64,33A,UNA,1637,1202,1172,985
1048,51-64,33B,DEM,2873,2499,2459,2218
1049,51-64,33B,OTH,117,88,83,73
1050,51-64,33B,REP,3883,3360,3302,2957
1051,51-64,33B,UNA,2050,1647,1582,1349
1052,51-64,33C,DEM,2745,2407,2363,2151
1053,51-64,33C,OTH,104,83,76,69
1054,51-64,33C,REP,3420,2933,2943,2716
1055,51-64,33C,UNA,1879,1505,1462,1230
1056,51-64,34A,DEM,6780,5205,5305,4723
1057,51-64,34A,OTH,246,135,131,99
1058,51-64,34A,REP,5038,4039,3947,3490
1059,51-64,34A,UNA,2869,1908,1841,1567
1060,51-64,34B,DEM,2307,1902,1901,1752
1061,51-64,34B,OTH,89,63,64,54
1062,51-64,34B,REP,4008,3502,3427,3257
1063,51-64,34B,UNA,1615,1224,1200,1049
1064,51-64,35A,DEM,3474,2973,2925,2690
1065,51-64,35A,OTH,208,143,140,124
1066,51-64,35A,REP,10717,9582,9438,8909
1067,51-64,35A,UNA,3051,2395,2332,2028
1068,51-64,35B,DEM,1880,1357,1219,1133
1069,51-64,35B,OTH,123,84,73,68
1070,51-64,35B,REP,4841,4112,3697,3485
1071,51-64,35B,UNA,1495,985,797,726
1072,51-64,36,DEM,4879,3607,3267,2905
1073,51-64,36,OTH,253,161,144,126
1074,51-64,36,REP,8741,7356,6742,6037
1075,51-64,36,UNA,3338,2262,2018,1654
1076,51-64,37A,DEM,3522,2271,2279,2003
1077,51-64,37A,OTH,114,46,49,42
1078,51-64,37A,REP,1670,1268,1222,1097
1079,51-64,37A,UNA,966,532,518,421
1080,51-64,37B,DEM,4831,3846,3666,3242
1081,51-64,37B,OTH,213,138,130,118
1082,51-64,37B,REP,8584,7371,7079,6500
1083,51-64,37B,UNA,2910,2066,1939,1633
1084,51-64,38A,DEM,2723,1962,1964,1721
1085,51-64,38A,OTH,104,65,55,51
1086,51-64,38A,REP,3815,3197,3062,2759
1087,51-64,38A,UNA,1218,787,724,633
1088,51-64,38B,DEM,2372,1714,1648,1445
1089,51-64,38B,OTH,93,56,47,36
1090,51-64,38B,REP,2072,1654,1603,1437
1091,51-64,38B,UNA,1070,693,633,533
1092,51-64,38C,DEM,2241,1691,1610,1429
1093,51-64,38C,OTH,188,131,114,101
1094,51-64,38C,REP,5450,4524,4279,3854
1095,51-64,38C,UNA,1889,1325,1219,1009
1096,51-64,39,DEM,11057,8629,8630,7670
1097,51-64,39,OTH,293,182,160,131
1098,51-64,39,REP,3548,2705,2623,2295
1099,51-64,39,UNA,5046,3453,3355,2771
1100,51-64,40,DEM,14818,8030,8293,8053
1101,51-64,40,OTH,306,104,99,93
1102,51-64,40,REP,1348,605,598,539
1103,51-64,40,UNA,2225,907,869,787
1104,51-64,41,DEM,15832,10644,10870,10143
1105,51-64,41,OTH,228,96,95,87
1106,51-64,41,REP,1443,825,804,722
1107,51-64,41,UNA,2131,1034,1027,871
1108,51-64,42A,DEM,2312,2029,2008,1839
1109,51-64,42A,OTH,105,81,80,68
1110,51-64,42A,REP,4321,3796,3846,3561
1111,51-64,42A,UNA,1593,1296,1296,1123
1112,51-64,42B,DEM,2712,2195,2198,2020
1113,51-64,42B,OTH,93,64,59,52
1114,51-64,42B,REP,2025,1710,1665,1598
1115,51-64,42B,UNA,1248,925,901,770
1116,51-64,42C,DEM,1661,1422,1382,1284
1117,51-64,42C,OTH,98,65,56,57
1118,51-64,42C,REP,5435,4713,4703,4396
1119,51-64,42C,UNA,1517,1167,1131,1024
1120,51-64,43A,DEM,10105,6690,6806,6472
1121,51-64,43A,OTH,161,67,57,57
1122,51-64,43A,REP,641,309,302,277
1123,51-64,43A,UNA,1401,682,683,590
1124,51-64,43B,DEM,2983,2502,2524,2333
1125,51-64,43B,OTH,65,52,44,49
1126,51-64,43B,REP,1016,812,813,784
1127,51-64,43B,UNA,920,683,683,586
1128,51-64,44A,DEM,2466,1786,1782,1632
1129,51-64,44A,OTH,97,58,55,46
1130,51-64,44A,REP,1505,1116,1083,970
1131,51-64,44A,UNA,1022,632,613,483
1132,51-64,44B,DEM,9405,7305,7384,6858
1133,51-64,44B,OTH,209,104,104,92
1134,51-64,44B,REP,2110,1626,1568,1404
1135,51-64,44B,UNA,2048,1315,1291,1120
1136,51-64,45,DEM,15857,9978,10100,9696
1137,51-64,45,OTH,290,120,117,110
1138,51-64,45,REP,1533,740,739,667
1139,51-64,45,UNA,2095,946,939,883
1140,51-64,46,DEM,8542,5100,5017,4592
1141,51-64,46,OTH,218,83,85,75
1142,51-64,46,REP,2062,1080,1054,954
1143,51-64,46,UNA,2395,1084,1001,837
1144,51-64,47A,DEM,7727,4882,4872,4236
1145,51-64,47A,OTH,306,98,92,76
1146,51-64,47A,REP,616,344,326,254
1147,51-64,47A,UNA,1296,669,600,486
1148,51-64,47B,DEM,1961,1209,1189,1056
1149,51-64,47B,OTH,112,26,30,21
1150,51-64,47B,REP,274,146,125,106
1151,51-64,47B,UNA,442,205,177,133
1152,65+,36,DEM,3396,2858,2746,2578
1153,65+,36,OTH,93,69,66,62
1154,65+,36,REP,4704,4112,4088,3860
1155,65+,36,UNA,1283,1046,957,844
1156,65+,01A,DEM,2214,1777,1737,1609
1157,65+,01A,OTH,78,60,58,61
1158,65+,01A,REP,6150,5242,5166,4868
1159,65+,01A,UNA,817,653,586,505
1160,65+,01B,DEM,3152,2437,2400,2311
1161,65+,01B,OTH,101,68,67,64
1162,65+,01B,REP,5392,4517,4411,4326
1163,65+,01B,UNA,1045,742,702,630
1164,65+,01C,DEM,2481,1922,1892,1838
1165,65+,01C,OTH,71,40,46,42
1166,65+,01C,REP,5164,4461,4319,4224
1167,65+,01C,UNA,1046,737,695,635
1168,65+,02A,DEM,5466,4485,4372,4205
1169,65+,02A,OTH,145,107,105,98
1170,65+,02A,REP,8730,7585,7284,7153
1171,65+,02A,UNA,2334,1802,1694,1585
1172,65+,02B,DEM,2448,1845,1818,1733
1173,65+,02B,OTH,50,25,23,22
1174,65+,02B,REP,2191,1713,1663,1609
1175,65+,02B,UNA,814,527,513,447
1176,65+,03,DEM,9525,7819,7608,6950
1177,65+,03,OTH,143,104,93,73
1178,65+,03,REP,6049,4760,4802,4569
1179,65+,03,UNA,3185,2313,2232,1964
1180,65+,04,DEM,8842,7568,7432,7078
1181,65+,04,OTH,161,109,109,95
1182,65+,04,REP,11439,9885,9824,9513
1183,65+,04,UNA,4145,3317,3197,2855
1184,65+,05,DEM,7983,6757,6841,6388
1185,65+,05,OTH,257,187,195,187
1186,65+,05,REP,13178,11489,11585,11072
1187,65+,05,UNA,3463,2710,2696,2370
1188,65+,06,DEM,9238,6480,6801,6508
1189,65+,06,OTH,234,150,143,131
1190,65+,06,REP,7751,6239,6281,5939
1191,65+,06,UNA,2363,1456,1444,1294
1192,65+,07A,DEM,7976,6546,6678,6328
1193,65+,07A,OTH,200,150,157,144
1194,65+,07A,REP,8425,7319,7370,7100
1195,65+,07A,UNA,2297,1794,1727,1583
1196,65+,07B,DEM,3111,2682,2722,2580
1197,65+,07B,OTH,109,85,86,83
1198,65+,07B,REP,5134,4589,4619,4413
1199,65+,07B,UNA,1225,1021,1007,901
1200,65+,08,DEM,9995,7664,7877,7495
1201,65+,08,OTH,223,146,151,136
1202,65+,08,REP,5936,4735,4801,4699
1203,65+,08,UNA,2257,1542,1537,1371
1204,65+,09A,DEM,6999,5890,5946,5677
1205,65+,09A,OTH,177,130,135,129
1206,65+,09A,REP,5871,5033,5173,4928
1207,65+,09A,UNA,3016,2358,2316,2089
1208,65+,09B,DEM,4229,3604,3644,3464
1209,65+,09B,OTH,94,67,65,67
1210,65+,09B,REP,2239,1857,1908,1832
1211,65+,09B,UNA,1487,1122,1123,968
1212,65+,10,DEM,14841,12394,12773,12126
1213,65+,10,OTH,231,158,178,157
1214,65+,10,REP,3957,3226,3324,3164
1215,65+,10,UNA,2268,1642,1675,1449
1216,65+,11A,DEM,4445,3715,3781,3572
1217,65+,11A,OTH,72,51,59,56
1218,65+,11A,REP,993,785,818,752
1219,65+,11A,UNA,716,498,490,430
1220,65+,11B,DEM,12875,11220,11319,10828
1221,65+,11B,OTH,248,193,195,183
1222,65+,11B,REP,5489,4598,4707,4500
1223,65+,11B,UNA,2605,2003,2019,1771
1224,65+,12A,DEM,8361,7047,7126,6831
1225,65+,12A,OTH,160,114,120,111
1226,65+,12A,REP,2861,2310,2375,2255
1227,65+,12A,UNA,2276,1743,1720,1534
1228,65+,12B,DEM,3221,2278,2375,2200
1229,65+,12B,OTH,70,29,36,24
1230,65+,12B,REP,2112,1582,1639,1507
1231,65+,12B,UNA,877,533,548,466
1232,65+,13,DEM,10858,9045,9158,8658
1233,65+,13,OTH,191,131,126,124
1234,65+,13,REP,4294,3512,3586,3401
1235,65+,13,UNA,3392,2523,2500,2188
1236,65+,14,DEM,15286,12822,12997,12238
1237,65+,14,OTH,222,143,156,140
1238,65+,14,REP,5933,4810,4939,4694
1239,65+,14,UNA,4338,3113,3205,2822
1240,65+,15,DEM,12535,10368,10601,9974
1241,65+,15,OTH,269,159,184,151
1242,65+,15,REP,5072,3935,4095,3829
1243,65+,15,UNA,5207,3528,3759,3260
1244,65+,16,DEM,19424,16900,16577,15563
1245,65+,16,OTH,264,179,192,168
1246,65+,16,REP,4580,3540,3604,3389
1247,65+,16,UNA,5516,4142,4059,3543
1248,65+,17,DEM,13006,10436,10436,9641
1249,65+,17,OTH,224,139,141,134
1250,65+,17,REP,3800,2731,2856,2643
1251,65+,17,UNA,4346,2833,2912,2542
1252,65+,18,DEM,14200,11584,11585,10942
1253,65+,18,OTH,226,141,150,144
1254,65+,18,REP,3115,2307,2388,2234
1255,65+,18,UNA,3315,2305,2317,2030
1256,65+,19,DEM,16997,13820,13752,12798
1257,65+,19,OTH,267,165,188,161
1258,65+,19,REP,5157,3978,4009,3738
1259,65+,19,UNA,4677,3250,3267,2785
1260,65+,20,DEM,13391,10811,10837,10252
1261,65+,20,OTH,151,79,93,79
1262,65+,20,REP,1890,1311,1347,1230
1263,65+,20,UNA,2541,1690,1710,1512
1264,65+,21,DEM,12034,9057,9105,8421
1265,65+,21,OTH,455,197,210,199
1266,65+,21,REP,3563,2515,2634,2482
1267,65+,21,UNA,2549,1692,1704,1445
1268,65+,22,DEM,12873,9113,9554,9040
1269,65+,22,OTH,438,154,187,176
1270,65+,22,REP,1610,1060,1070,1004
1271,65+,22,UNA,1695,1065,1083,919
1272,65+,23,DEM,18123,14294,14770,14067
1273,65+,23,OTH,486,219,226,226
1274,65+,23,REP,3384,2410,2603,2493
1275,65+,23,UNA,2242,1556,1589,1429
1276,65+,24,DEM,21995,15918,16574,15677
1277,65+,24,OTH,476,144,159,147
1278,65+,24,REP,1349,822,898,832
1279,65+,24,UNA,1627,932,954,839
1280,65+,25,DEM,21801,15987,16757,15801
1281,65+,25,OTH,356,96,111,112
1282,65+,25,REP,1129,635,705,659
1283,65+,25,UNA,1256,700,770,669
1284,65+,26,DEM,23642,17242,18176,17389
1285,65+,26,OTH,512,160,178,160
1286,65+,26,REP,1821,1106,1184,1100
1287,65+,26,UNA,1756,1037,1102,957
1288,65+,27A,DEM,4770,3676,3782,3487
1289,65+,27A,OTH,83,44,42,41
1290,65+,27A,REP,1360,1053,1079,1058
1291,65+,27A,UNA,670,447,441,399
1292,65+,27B,DEM,5268,4139,4154,3949
1293,65+,27B,OTH,141,73,79,71
1294,65+,27B,REP,2576,2068,2021,1998
1295,65+,27B,UNA,1020,790,748,685
1296,65+,27C,DEM,3537,2969,2925,2808
1297,65+,27C,OTH,73,53,55,50
1298,65+,27C,REP,3593,3141,3002,2999
1299,65+,27C,UNA,1015,810,751,720
1300,65+,28,DEM,12803,10229,10416,9596
1301,65+,28,OTH,174,108,116,102
1302,65+,28,REP,5857,4801,4879,4629
1303,65+,28,UNA,2401,1709,1709,1475
1304,65+,29A,DEM,3054,2461,2438,2313
1305,65+,29A,OTH,66,46,38,38
1306,65+,29A,REP,3747,3257,3136,2979
1307,65+,29A,UNA,914,685,672,580
1308,65+,29B,DEM,2377,1859,1907,1753
1309,65+,29B,OTH,55,40,38,31
1310,65+,29B,REP,1836,1530,1533,1418
1311,65+,29B,UNA,703,510,483,415
1312,65+,29C,DEM,3288,2764,2671,2527
1313,65+,29C,OTH,84,58,55,49
1314,65+,29C,REP,3745,3233,3040,2952
1315,65+,29C,UNA,1230,960,854,755
1316,65+,30A,DEM,10137,8722,8662,8071
1317,65+,30A,OTH,149,111,111,107
1318,65+,30A,REP,5904,4953,5035,4712
1319,65+,30A,UNA,3218,2642,2549,2181
1320,65+,30B,DEM,3826,3247,3246,2997
1321,65+,30B,OTH,93,71,70,61
1322,65+,30B,REP,3833,3246,3268,3052
1323,65+,30B,UNA,1459,1148,1122,985
1324,65+,31,DEM,8437,6735,6877,6475
1325,65+,31,OTH,174,118,117,110
1326,65+,31,REP,10464,8807,8955,8449
1327,65+,31,UNA,3383,2589,2610,2286
1328,65+,32,DEM,8589,6499,6756,6243
1329,65+,32,OTH,177,102,110,94
1330,65+,32,REP,5269,4114,4286,3992
1331,65+,32,UNA,2490,1641,1709,1462
1332,65+,33A,DEM,2636,2130,2129,1942
1333,65+,33A,OTH,55,37,38,33
1334,65+,33A,REP,1726,1396,1434,1344
1335,65+,33A,UNA,967,707,713,593
1336,65+,33B,DEM,3577,3110,3162,2953
1337,65+,33B,OTH,69,54,52,45
1338,65+,33B,REP,3968,3367,3450,3267
1339,65+,33B,UNA,1516,1275,1286,1131
1340,65+,33C,DEM,3697,3231,3251,3088
1341,65+,33C,OTH,77,57,60,47
1342,65+,33C,REP,3407,2959,3007,2877
1343,65+,33C,UNA,1412,1156,1143,1024
1344,65+,34A,DEM,6583,5298,5376,4944
1345,65+,34A,OTH,157,105,101,87
1346,65+,34A,REP,4885,4111,4114,3848
1347,65+,34A,UNA,2033,1541,1475,1249
1348,65+,34B,DEM,3184,2632,2667,2503
1349,65+,34B,OTH,75,61,59,55
1350,65+,34B,REP,4185,3681,3693,3570
1351,65+,34B,UNA,1208,975,956,858
1352,65+,35A,DEM,5456,4650,4747,4480
1353,65+,35A,OTH,154,123,120,113
1354,65+,35A,REP,10171,9133,9185,8840
1355,65+,35A,UNA,2329,1936,1923,1745
1356,65+,35B,DEM,2497,1876,1776,1721
1357,65+,35B,OTH,85,58,56,51
1358,65+,35B,REP,4090,3515,3280,3199
1359,65+,35B,UNA,1079,776,708,630
1360,65+,36,DEM,7887,6415,6207,5710
1361,65+,36,OTH,202,142,133,128
1362,65+,36,REP,8955,7705,7376,6823
1363,65+,36,UNA,2873,2171,1973,1697
1364,65+,37A,DEM,4274,3079,3185,2977
1365,65+,37A,OTH,48,22,29,25
1366,65+,37A,REP,1840,1488,1497,1396
1367,65+,37A,UNA,673,370,374,314
1368,65+,37B,DEM,9345,7816,7767,7111
1369,65+,37B,OTH,224,164,167,156
1370,65+,37B,REP,11194,9806,9705,9132
1371,65+,37B,UNA,3253,2577,2414,2092
1372,65+,38A,DEM,4142,3198,3293,3051
1373,65+,38A,OTH,111,76,76,67
1374,65+,38A,REP,4541,3911,3865,3661
1375,65+,38A,UNA,1126,821,770,658
1376,65+,38B,DEM,3263,2619,2629,2463
1377,65+,38B,OTH,75,53,52,46
1378,65+,38B,REP,3121,2665,2635,2469
1379,65+,38B,UNA,976,728,676,612
1380,65+,38C,DEM,4636,3796,3739,3429
1381,65+,38C,OTH,195,148,143,136
1382,65+,38C,REP,7221,6105,6123,5636
1383,65+,38C,UNA,2055,1577,1569,1366
1384,65+,39,DEM,9977,7694,7886,7332
1385,65+,39,OTH,229,144,140,118
1386,65+,39,REP,3565,2631,2681,2452
1387,65+,39,UNA,3462,2260,2306,1963
1388,65+,40,DEM,15863,9287,10066,9954
1389,65+,40,OTH,121,56,50,55
1390,65+,40,REP,1138,588,593,557
1391,65+,40,UNA,1187,503,539,491
1392,65+,41,DEM,21183,15184,15904,15294
1393,65+,41,OTH,141,69,76,69
1394,65+,41,REP,1771,1160,1154,1093
1395,65+,41,UNA,1652,883,884,751
1396,65+,42A,DEM,4304,3809,3859,3649
1397,65+,42A,OTH,153,122,123,117
1398,65+,42A,REP,4951,4360,4465,4307
1399,65+,42A,UNA,1566,1302,1309,1208
1400,65+,42B,DEM,3786,3208,3285,3136
1401,65+,42B,OTH,98,69,71,67
1402,65+,42B,REP,2752,2329,2394,2337
1403,65+,42B,UNA,1078,821,852,710
1404,65+,42C,DEM,2492,2108,2123,2027
1405,65+,42C,OTH,87,73,70,70
1406,65+,42C,REP,5096,4504,4514,4370
1407,65+,42C,UNA,1154,917,894,823
1408,65+,43A,DEM,13000,9355,9788,9547
1409,65+,43A,OTH,99,51,49,56
1410,65+,43A,REP,724,424,446,432
1411,65+,43A,UNA,967,545,571,513
1412,65+,43B,DEM,3861,3278,3358,3191
1413,65+,43B,OTH,62,43,44,45
1414,65+,43B,REP,1343,1099,1148,1102
1415,65+,43B,UNA,689,517,527,453
1416,65+,44A,DEM,3671,2961,2991,2809
1417,65+,44A,OTH,103,62,73,65
1418,65+,44A,REP,2122,1690,1706,1626
1419,65+,44A,UNA,819,560,550,485
1420,65+,44B,DEM,11801,9681,10054,9636
1421,65+,44B,OTH,148,100,103,97
1422,65+,44B,REP,2306,1844,1911,1796
1423,65+,44B,UNA,1355,903,932,811
1424,65+,45,DEM,16221,10623,11302,10916
1425,65+,45,OTH,135,67,60,64
1426,65+,45,REP,1544,924,957,904
1427,65+,45,UNA,1193,589,598,557
1428,65+,46,DEM,8938,5441,5595,5365
1429,65+,46,OTH,108,51,52,50
1430,65+,46,REP,1739,1031,1086,989
1431,65+,46,UNA,1292,634,627,524
1432,65+,47A,DEM,9339,6159,6612,6145
1433,65+,47A,OTH,248,83,87,73
1434,65+,47A,REP,647,398,413,385
1435,65+,47A,UNA,773,422,453,379
1436,65+,47B,DEM,2609,1720,1820,1728
1437,65+,47B,OTH,114,32,34,35
1438,65+,47B,REP,302,175,182,177
1439,65+,47B,UNA,327,175,157,146
