age_bracket,Legislative,Party,Count,voted_2024,voted_2020
18-24,36,DEM,454,274,151
18-24,36,OTH,33,14,5
18-24,36,REP,576,360,159
18-24,36,UNA,568,227,87
18-24,01A,DEM,308,202,73
18-24,01A,OTH,43,17,8
18-24,01A,REP,769,431,178
18-24,01A,UNA,421,178,53
18-24,01B,DEM,419,254,100
18-24,01B,OTH,49,25,2
18-24,01B,REP,544,321,137
18-24,01B,UNA,558,226,67
18-24,01C,DEM,350,197,77
18-24,01C,OTH,52,19,6
18-24,01C,REP,648,419,129
18-24,01C,UNA,567,238,81
18-24,02A,DEM,1112,678,286
18-24,02A,OTH,87,41,15
18-24,02A,REP,1072,668,272
18-24,02A,UNA,1329,595,183
18-24,02B,DEM,691,344,161
18-24,02B,OTH,61,20,4
18-24,02B,REP,223,98,30
18-24,02B,UNA,676,214,75
18-24,03,DEM,2779,1701,747
18-24,03,OTH,141,61,18
18-24,03,REP,581,333,139
18-24,03,UNA,2050,912,328
18-24,04,DEM,2216,1412,591
18-24,04,OTH,126,48,14
18-24,04,REP,1614,1015,401
18-24,04,UNA,2341,1077,386
18-24,05,DEM,1807,1189,555
18-24,05,OTH,99,39,23
18-24,05,REP,1839,1197,492
18-24,05,UNA,2123,1009,354
18-24,06,DEM,1921,1049,452
18-24,06,OTH,182,57,17
18-24,06,REP,729,451,144
18-24,06,UNA,1704,622,201
18-24,07A,DEM,1408,907,389
18-24,07A,OTH,72,26,8
18-24,07A,REP,701,447,173
18-24,07A,UNA,1128,535,165
18-24,07B,DEM,547,319,146
18-24,07B,OTH,46,16,7
18-24,07B,REP,578,370,131
18-24,07B,UNA,682,320,106
18-24,08,DEM,2801,1726,722
18-24,08,OTH,135,47,12
18-24,08,REP,487,304,115
18-24,08,UNA,1434,620,219
18-24,09A,DEM,2280,1448,663
18-24,09A,OTH,66,24,10
18-24,09A,REP,780,472,217
18-24,09A,UNA,1790,795,318
18-24,09B,DEM,1133,735,333
18-24,09B,OTH,26,12,5
18-24,09B,REP,156,94,42
18-24,09B,UNA,684,330,120
18-24,10,DEM,3418,2165,937
18-24,10,OTH,130,43,17
18-24,10,REP,344,197,84
18-24,10,UNA,1244,596,225
18-24,11A,DEM,1119,722,312
18-24,11A,OTH,35,10,7
18-24,11A,REP,119,70,33
18-24,11A,UNA,434,206,73
18-24,11B,DEM,1907,1215,509
18-24,11B,OTH,55,29,11
18-24,11B,REP,615,351,141
18-24,11B,UNA,956,428,145
18-24,12A,DEM,2099,1377,644
18-24,12A,OTH,81,34,13
18-24,12A,REP,305,183,76
18-24,12A,UNA,1209,592,215
18-24,12B,DEM,748,427,205
18-24,12B,OTH,59,24,3
18-24,12B,REP,216,137,54
18-24,12B,UNA,514,208,62
18-24,13,DEM,3342,2187,936
18-24,13,OTH,121,51,13
18-24,13,REP,372,216,81
18-24,13,UNA,1802,872,309
18-24,14,DEM,3290,2185,1003
18-24,14,OTH,140,59,19
18-24,14,REP,561,354,168
18-24,14,UNA,1936,951,355
18-24,15,DEM,3792,2263,1106
18-24,15,OTH,99,39,16
18-24,15,REP,476,259,120
18-24,15,UNA,2299,952,398
18-24,16,DEM,3773,2260,941
18-24,16,OTH,61,28,11
18-24,16,REP,433,251,97
18-24,16,UNA,1568,622,230
18-24,17,DEM,2719,1677,793
18-24,17,OTH,84,41,16
18-24,17,REP,288,163,69
18-24,17,UNA,1488,657,236
18-24,18,DEM,3278,1985,896
18-24,18,OTH,100,41,22
18-24,18,REP,310,177,73
18-24,18,UNA,1345,628,185
18-24,19,DEM,2739,1742,818
18-24,19,OTH,107,36,11
18-24,19,REP,352,201,90
18-24,19,UNA,1503,729,245
18-24,20,DEM,2936,1864,778
18-24,20,OTH,82,28,8
18-24,20,REP,142,73,22
18-24,20,UNA,1092,509,155
18-24,21,DEM,2925,1953,717
18-24,21,OTH,111,55,13
18-24,21,REP,284,186,53
18-24,21,UNA,1422,683,231
18-24,22,DEM,2923,1728,766
18-24,22,OTH,131,43,10
18-24,22,REP,166,93,18
18-24,22,UNA,1266,513,144
18-24,23,DEM,4163,2739,1178
18-24,23,OTH,118,48,19
18-24,23,REP,220,130,51
18-24,23,UNA,1454,696,272
18-24,24,DEM,3820,2324,1046
18-24,24,OTH,163,64,16
18-24,24,REP,139,58,21
18-24,24,UNA,1297,540,164
18-24,25,DEM,3652,2163,1033
18-24,25,OTH,114,39,10
18-24,25,REP,91,36,16
18-24,25,UNA,1172,499,171
18-24,26,DEM,3174,1855,909
18-24,26,OTH,98,29,11
18-24,26,REP,123,49,19
18-24,26,UNA,1036,396,135
18-24,27A,DEM,1312,760,364
18-24,27A,OTH,37,16,3
18-24,27A,REP,127,72,30
18-24,27A,UNA,505,223,80
18-24,27B,DEM,1107,707,337
18-24,27B,OTH,33,7,6
18-24,27B,REP,329,208,80
18-24,27B,UNA,683,294,98
18-24,27C,DEM,718,459,217
18-24,27C,OTH,54,16,11
18-24,27C,REP,642,412,144
18-24,27C,UNA,746,360,131
18-24,28,DEM,4034,2508,1098
18-24,28,OTH,107,44,14
18-24,28,REP,684,421,178
18-24,28,UNA,1862,854,280
18-24,29A,DEM,469,286,146
18-24,29A,OTH,39,18,3
18-24,29A,REP,769,505,187
18-24,29A,UNA,661,324,111
18-24,29B,DEM,782,457,216
18-24,29B,OTH,49,19,9
18-24,29B,REP,303,174,69
18-24,29B,UNA,633,247,90
18-24,29C,DEM,619,385,182
18-24,29C,OTH,66,19,10
18-24,29C,REP,593,391,139
18-24,29C,UNA,739,325,127
18-24,30A,DEM,1508,968,428
18-24,30A,OTH,83,32,9
18-24,30A,REP,502,273,131
18-24,30A,UNA,992,430,191
18-24,30B,DEM,604,398,167
18-24,30B,OTH,54,19,5
18-24,30B,REP,454,277,128
18-24,30B,UNA,691,309,98
18-24,31,DEM,2019,1324,555
18-24,31,OTH,145,61,11
18-24,31,REP,1311,830,352
18-24,31,UNA,2095,935,323
18-24,32,DEM,2491,1574,710
18-24,32,OTH,136,61,24
18-24,32,REP,519,315,117
18-24,32,UNA,1673,747,247
18-24,33A,DEM,952,599,243
18-24,33A,OTH,48,19,4
18-24,33A,REP,221,122,54
18-24,33A,UNA,681,333,94
18-24,33B,DEM,827,512,217
18-24,33B,OTH,37,9,6
18-24,33B,REP,476,273,118
18-24,33B,UNA,825,387,137
18-24,33C,DEM,948,591,283
18-24,33C,OTH,42,15,8
18-24,33C,REP,413,245,115
18-24,33C,UNA,808,374,111
18-24,34A,DEM,1755,1050,472
18-24,34A,OTH,118,29,14
18-24,34A,REP,478,266,108
18-24,34A,UNA,1273,533,162
18-24,34B,DEM,696,453,217
18-24,34B,OTH,45,21,9
18-24,34B,REP,478,284,122
18-24,34B,UNA,712,330,131
18-24,35A,DEM,1075,722,324
18-24,35A,OTH,75,31,7
18-24,35A,REP,1465,929,367
18-24,35A,UNA,1496,693,252
18-24,35B,DEM,458,257,105
18-24,35B,OTH,48,18,7
18-24,35B,REP,768,481,185
18-24,35B,UNA,735,296,105
18-24,36,DEM,1152,652,285
18-24,36,OTH,115,45,11
18-24,36,REP,1296,793,300
18-24,36,UNA,1397,556,178
18-24,37A,DEM,787,356,139
18-24,37A,OTH,81,21,5
18-24,37A,REP,274,140,55
18-24,37A,UNA,595,194,65
18-24,37B,DEM,1072,629,283
18-24,37B,OTH,98,28,9
18-24,37B,REP,1138,692,279
18-24,37B,UNA,1207,490,186
18-24,38A,DEM,604,292,147
18-24,38A,OTH,44,18,9
18-24,38A,REP,520,309,121
18-24,38A,UNA,559,234,63
18-24,38B,DEM,781,475,181
18-24,38B,OTH,61,20,7
18-24,38B,REP,344,199,79
18-24,38B,UNA,650,273,92
18-24,38C,DEM,391,227,124
18-24,38C,OTH,38,13,3
18-24,38C,REP,567,323,133
18-24,38C,UNA,571,264,98
18-24,39,DEM,3116,1970,903
18-24,39,OTH,147,49,10
18-24,39,REP,290,155,62
18-24,39,UNA,1860,855,319
18-24,40,DEM,2529,1300,492
18-24,40,OTH,147,42,8
18-24,40,REP,133,46,15
18-24,40,UNA,911,321,100
18-24,41,DEM,3134,1747,797
18-24,41,OTH,116,43,8
18-24,41,REP,270,138,40
18-24,41,UNA,918,364,120
18-24,42A,DEM,724,462,227
18-24,42A,OTH,30,14,4
18-24,42A,REP,591,358,165
18-24,42A,UNA,668,287,113
18-24,42B,DEM,846,546,221
18-24,42B,OTH,27,9,6
18-24,42B,REP,231,127,62
18-24,42B,UNA,494,224,88
18-24,42C,DEM,504,332,164
18-24,42C,OTH,32,19,3
18-24,42C,REP,657,432,196
18-24,42C,UNA,587,286,101
18-24,43A,DEM,2280,1417,434
18-24,43A,OTH,77,35,5
18-24,43A,REP,73,26,5
18-24,43A,UNA,609,305,75
18-24,43B,DEM,1168,777,299
18-24,43B,OTH,27,12,10
18-24,43B,REP,129,64,34
18-24,43B,UNA,447,240,77
18-24,44A,DEM,690,405,178
18-24,44A,OTH,66,20,7
18-24,44A,REP,151,93,31
18-24,44A,UNA,462,189,60
18-24,44B,DEM,1981,1252,522
18-24,44B,OTH,106,38,16
18-24,44B,REP,218,143,53
18-24,44B,UNA,822,383,123
18-24,45,DEM,3122,1701,656
18-24,45,OTH,124,35,13
18-24,45,REP,145,61,19
18-24,45,UNA,966,370,103
18-24,46,DEM,1715,1036,404
18-24,46,OTH,95,26,8
18-24,46,REP,177,90,34
18-24,46,UNA,755,319,94
18-24,47A,DEM,1640,930,424
18-24,47A,OTH,90,25,9
18-24,47A,REP,93,42,10
18-24,47A,UNA,743,281,94
18-24,47B,DEM,689,394,156
18-24,47B,OTH,37,10,0
18-24,47B,REP,53,21,5
18-24,47B,UNA,299,123,30
18-24,36,DEM,259,133,74
18-24,36,OTH,38,13,2
18-24,36,REP,883,501,211
18-24,36,UNA,546,205,86
18-24,01A,DEM,155,91,48
18-24,01A,OTH,29,7,6
18-24,01A,REP,1074,581,226
18-24,01A,UNA,425,151,51
18-24,01B,DEM,260,120,63
18-24,01B,OTH,46,11,7
18-24,01B,REP,846,429,163
18-24,01B,UNA,551,172,56
18-24,01C,DEM,244,120,52
18-24,01C,OTH,45,14,5
18-24,01C,REP,964,537,208
18-24,01C,UNA,543,196,58
18-24,02A,DEM,673,337,154
18-24,02A,OTH,77,41,7
18-24,02A,REP,1632,896,373
18-24,02A,UNA,1341,465,169
18-24,02B,DEM,480,183,81
18-24,02B,OTH,54,15,7
18-24,02B,REP,380,166,65
18-24,02B,UNA,648,161,59
18-24,03,DEM,1900,973,458
18-24,03,OTH,164,54,20
18-24,03,REP,1098,549,201
18-24,03,UNA,2323,838,329
18-24,04,DEM,1396,765,374
18-24,04,OTH,143,54,27
18-24,04,REP,2554,1472,629
18-24,04,UNA,2635,1021,396
18-24,05,DEM,1012,585,300
18-24,05,OTH,144,68,34
18-24,05,REP,2854,1681,739
18-24,05,UNA,2149,859,370
18-24,06,DEM,1283,507,223
18-24,06,OTH,147,42,16
18-24,06,REP,1231,678,240
18-24,06,UNA,1808,536,166
18-24,07A,DEM,883,473,211
18-24,07A,OTH,84,28,13
18-24,07A,REP,1107,631,262
18-24,07A,UNA,1185,485,165
18-24,07B,DEM,331,178,93
18-24,07B,OTH,46,26,9
18-24,07B,REP,953,537,251
18-24,07B,UNA,709,310,96
18-24,08,DEM,2000,910,421
18-24,08,OTH,132,39,11
18-24,08,REP,817,435,175
18-24,08,UNA,1621,564,185
18-24,09A,DEM,1485,804,392
18-24,09A,OTH,98,41,16
18-24,09A,REP,1313,720,362
18-24,09A,UNA,2210,864,329
18-24,09B,DEM,814,457,224
18-24,09B,OTH,36,14,4
18-24,09B,REP,353,200,83
18-24,09B,UNA,865,340,145
18-24,10,DEM,2572,1318,710
18-24,10,OTH,116,28,14
18-24,10,REP,646,326,140
18-24,10,UNA,1589,619,242
18-24,11A,DEM,795,407,212
18-24,11A,OTH,29,8,4
18-24,11A,REP,201,88,43
18-24,11A,UNA,446,183,75
18-24,11B,DEM,1404,744,359
18-24,11B,OTH,51,15,8
18-24,11B,REP,984,512,211
18-24,11B,UNA,1114,411,163
18-24,12A,DEM,1582,874,412
18-24,12A,OTH,83,39,13
18-24,12A,REP,666,393,176
18-24,12A,UNA,1517,647,226
18-24,12B,DEM,523,219,114
18-24,12B,OTH,56,14,2
18-24,12B,REP,324,154,70
18-24,12B,UNA,635,189,66
18-24,13,DEM,2540,1374,642
18-24,13,OTH,139,52,19
18-24,13,REP,780,443,194
18-24,13,UNA,2318,935,369
18-24,14,DEM,2442,1298,660
18-24,14,OTH,142,54,26
18-24,14,REP,1035,561,254
18-24,14,UNA,2338,914,360
18-24,15,DEM,2639,1333,713
18-24,15,OTH,118,44,24
18-24,15,REP,1062,510,245
18-24,15,UNA,3033,1120,504
18-24,16,DEM,2761,1398,663
18-24,16,OTH,68,23,12
18-24,16,REP,876,412,181
18-24,16,UNA,2258,809,347
18-24,17,DEM,1997,1023,514
18-24,17,OTH,100,28,10
18-24,17,REP,593,278,126
18-24,17,UNA,1867,714,282
18-24,18,DEM,2419,1223,569
18-24,18,OTH,111,29,14
18-24,18,REP,679,349,139
18-24,18,UNA,1846,694,233
18-24,19,DEM,1933,1026,494
18-24,19,OTH,115,38,14
18-24,19,REP,690,372,156
18-24,19,UNA,1950,760,326
18-24,20,DEM,2278,1168,516
18-24,20,OTH,105,33,12
18-24,20,REP,358,185,76
18-24,20,UNA,1547,592,226
18-24,21,DEM,2168,1146,527
18-24,21,OTH,109,31,12
18-24,21,REP,644,330,127
18-24,21,UNA,1759,662,234
18-24,22,DEM,2350,1077,570
18-24,22,OTH,156,37,8
18-24,22,REP,373,144,53
18-24,22,UNA,1627,491,189
18-24,23,DEM,3596,1927,1023
18-24,23,OTH,126,48,15
18-24,23,REP,441,199,88
18-24,23,UNA,1903,668,290
18-24,24,DEM,3180,1455,776
18-24,24,OTH,143,35,9
18-24,24,REP,261,119,43
18-24,24,UNA,1577,521,179
18-24,25,DEM,3152,1467,815
18-24,25,OTH,139,36,16
18-24,25,REP,235,105,44
18-24,25,UNA,1429,452,179
18-24,26,DEM,2631,1199,674
18-24,26,OTH,119,37,12
18-24,26,REP,230,75,35
18-24,26,UNA,1295,421,172
18-24,27A,DEM,1215,552,312
18-24,27A,OTH,32,11,7
18-24,27A,REP,175,89,41
18-24,27A,UNA,629,196,71
18-24,27B,DEM,760,388,207
18-24,27B,OTH,38,12,2
18-24,27B,REP,529,304,118
18-24,27B,UNA,780,288,102
18-24,27C,DEM,458,266,124
18-24,27C,OTH,50,26,7
18-24,27C,REP,1001,576,242
18-24,27C,UNA,751,299,110
18-24,28,DEM,3261,1653,899
18-24,28,OTH,127,50,18
18-24,28,REP,1054,564,230
18-24,28,UNA,2244,848,319
18-24,29A,DEM,313,157,78
18-24,29A,OTH,48,19,3
18-24,29A,REP,1060,655,255
18-24,29A,UNA,649,256,82
18-24,29B,DEM,576,274,131
18-24,29B,OTH,47,13,2
18-24,29B,REP,464,240,95
18-24,29B,UNA,630,219,82
18-24,29C,DEM,423,217,98
18-24,29C,OTH,51,23,9
18-24,29C,REP,811,468,166
18-24,29C,UNA,745,275,96
18-24,30A,DEM,870,446,212
18-24,30A,OTH,85,28,13
18-24,30A,REP,815,372,168
18-24,30A,UNA,1145,423,157
18-24,30B,DEM,359,198,104
18-24,30B,OTH,46,15,6
18-24,30B,REP,786,430,177
18-24,30B,UNA,747,273,106
18-24,31,DEM,1192,647,306
18-24,31,OTH,148,55,20
18-24,31,REP,2228,1229,511
18-24,31,UNA,2231,850,328
18-24,32,DEM,1930,942,464
18-24,32,OTH,159,48,8
18-24,32,REP,877,498,190
18-24,32,UNA,1948,723,256
18-24,33A,DEM,688,367,180
18-24,33A,OTH,52,16,9
18-24,33A,REP,382,200,65
18-24,33A,UNA,813,312,103
18-24,33B,DEM,550,280,137
18-24,33B,OTH,53,13,7
18-24,33B,REP,798,407,186
18-24,33B,UNA,924,369,136
18-24,33C,DEM,597,353,144
18-24,33C,OTH,54,28,12
18-24,33C,REP,760,392,181
18-24,33C,UNA,950,368,129
18-24,34A,DEM,1345,572,286
18-24,34A,OTH,135,28,14
18-24,34A,REP,766,383,168
18-24,34A,UNA,1491,491,191
18-24,34B,DEM,419,215,93
18-24,34B,OTH,47,23,11
18-24,34B,REP,772,441,216
18-24,34B,UNA,756,313,113
18-24,35A,DEM,629,377,172
18-24,35A,OTH,106,42,22
18-24,35A,REP,2173,1296,538
18-24,35A,UNA,1568,646,265
18-24,35B,DEM,247,107,54
18-24,35B,OTH,52,16,5
18-24,35B,REP,1092,636,219
18-24,35B,UNA,738,254,77
18-24,36,DEM,723,302,144
18-24,36,OTH,93,36,15
18-24,36,REP,1765,977,369
18-24,36,UNA,1411,449,160
18-24,37A,DEM,612,182,89
18-24,37A,OTH,58,7,3
18-24,37A,REP,366,160,75
18-24,37A,UNA,575,140,42
18-24,37B,DEM,632,271,149
18-24,37B,OTH,83,29,7
18-24,37B,REP,1644,904,386
18-24,37B,UNA,1225,399,143
18-24,38A,DEM,424,147,78
18-24,38A,OTH,56,9,3
18-24,38A,REP,759,377,150
18-24,38A,UNA,548,180,55
18-24,38B,DEM,510,223,117
18-24,38B,OTH,43,9,0
18-24,38B,REP,519,278,121
18-24,38B,UNA,601,189,68
18-24,38C,DEM,243,118,61
18-24,38C,OTH,48,21,7
18-24,38C,REP,904,465,196
18-24,38C,UNA,527,188,80
18-24,39,DEM,2378,1204,580
18-24,39,OTH,148,42,20
18-24,39,REP,659,350,137
18-24,39,UNA,2266,844,324
18-24,40,DEM,1788,631,287
18-24,40,OTH,104,20,2
18-24,40,REP,203,62,18
18-24,40,UNA,924,246,72
18-24,41,DEM,2352,1019,464
18-24,41,OTH,94,25,3
18-24,41,REP,398,158,53
18-24,41,UNA,959,290,108
18-24,42A,DEM,429,256,122
18-24,42A,OTH,38,13,9
18-24,42A,REP,918,482,203
18-24,42A,UNA,737,318,120
18-24,42B,DEM,557,285,142
18-24,42B,OTH,35,10,5
18-24,42B,REP,471,241,114
18-24,42B,UNA,572,225,90
18-24,42C,DEM,284,145,78
18-24,42C,OTH,42,18,8
18-24,42C,REP,975,600,261
18-24,42C,UNA,654,266,90
18-24,43A,DEM,1512,686,290
18-24,43A,OTH,62,12,2
18-24,43A,REP,140,59,17
18-24,43A,UNA,635,244,71
18-24,43B,DEM,710,385,175
18-24,43B,OTH,31,11,7
18-24,43B,REP,261,132,74
18-24,43B,UNA,561,223,80
18-24,44A,DEM,487,217,112
18-24,44A,OTH,48,10,6
18-24,44A,REP,260,141,46
18-24,44A,UNA,578,190,62
18-24,44B,DEM,1642,816,396
18-24,44B,OTH,81,20,8
18-24,44B,REP,411,200,67
18-24,44B,UNA,914,359,132
18-24,45,DEM,2369,890,474
18-24,45,OTH,102,10,3
18-24,45,REP,217,73,24
18-24,45,UNA,1075,310,107
18-24,46,DEM,1166,531,228
18-24,46,OTH,95,20,9
18-24,46,REP,281,122,47
18-24,46,UNA,761,253,79
18-24,47A,DEM,1375,580,299
18-24,47A,OTH,82,18,3
18-24,47A,REP,219,91,19
18-24,47A,UNA,871,229,77
18-24,47B,DEM,443,182,83
18-24,47B,OTH,43,12,1
18-24,47B,REP,93,38,9
18-24,47B,UNA,364,108,37
25-34,36,DEM,605,384,388
25-34,36,OTH,43,25,17
25-34,36,REP,874,657,599
25-34,36,UNA,629,349,303
25-34,01A,DEM,436,256,238
25-34,01A,OTH,39,15,14
25-34,01A,REP,1243,851,785
25-34,01A,UNA,505,207,177
25-34,01B,DEM,716,389,376
25-34,01B,OTH,84,25,19
25-34,01B,REP,885,581,499
25-34,01B,UNA,697,306,237
25-34,01C,DEM,561,330,303
25-34,01C,OTH,58,19,23
25-34,01C,REP,1008,671,590
25-34,01C,UNA,657,265,223
25-34,02A,DEM,1471,900,869
25-34,02A,OTH,120,51,48
25-34,02A,REP,1718,1180,1007
25-34,02A,UNA,1425,679,581
25-34,02B,DEM,1288,655,572
25-34,02B,OTH,93,28,23
25-34,02B,REP,483,258,193
25-34,02B,UNA,932,330,249
25-34,03,DEM,5244,3532,3275
25-34,03,OTH,183,85,65
25-34,03,REP,1477,936,812
25-34,03,UNA,2620,1376,1159
25-34,04,DEM,2701,1818,1838
25-34,04,OTH,131,64,66
25-34,04,REP,2287,1586,1478
25-34,04,UNA,2044,1147,1047
25-34,05,DEM,2299,1550,1609
25-34,05,OTH,160,88,89
25-34,05,REP,2829,2048,1949
25-34,05,UNA,2305,1236,1168
25-34,06,DEM,3582,1916,1770
25-34,06,OTH,255,84,71
25-34,06,REP,1458,964,734
25-34,06,UNA,2152,908,677
25-34,07A,DEM,2235,1501,1410
25-34,07A,OTH,109,48,48
25-34,07A,REP,1231,868,766
25-34,07A,UNA,1257,634,604
25-34,07B,DEM,829,575,574
25-34,07B,OTH,65,33,25
25-34,07B,REP,911,661,602
25-34,07B,UNA,702,389,341
25-34,08,DEM,5554,3551,3303
25-34,08,OTH,198,77,69
25-34,08,REP,1069,696,572
25-34,08,UNA,2151,1059,882
25-34,09A,DEM,2256,1448,1602
25-34,09A,OTH,72,37,35
25-34,09A,REP,871,536,572
25-34,09A,UNA,1021,541,590
25-34,09B,DEM,1126,703,785
25-34,09B,OTH,33,19,11
25-34,09B,REP,213,127,119
25-34,09B,UNA,459,238,256
25-34,10,DEM,5593,3662,3644
25-34,10,OTH,161,75,65
25-34,10,REP,624,383,347
25-34,10,UNA,1575,783,701
25-34,11A,DEM,2041,1349,1302
25-34,11A,OTH,70,35,27
25-34,11A,REP,240,140,118
25-34,11A,UNA,574,294,260
25-34,11B,DEM,2677,1777,1764
25-34,11B,OTH,78,34,26
25-34,11B,REP,828,539,493
25-34,11B,UNA,913,450,444
25-34,12A,DEM,3734,2655,2493
25-34,12A,OTH,103,45,46
25-34,12A,REP,657,423,388
25-34,12A,UNA,1479,828,708
25-34,12B,DEM,1440,873,821
25-34,12B,OTH,68,25,21
25-34,12B,REP,429,272,228
25-34,12B,UNA,846,372,307
25-34,13,DEM,5292,3686,3565
25-34,13,OTH,172,78,67
25-34,13,REP,817,525,448
25-34,13,UNA,1968,1093,975
25-34,14,DEM,4391,2928,3120
25-34,14,OTH,137,71,76
25-34,14,REP,787,486,477
25-34,14,UNA,1586,871,907
25-34,15,DEM,4614,3013,3103
25-34,15,OTH,118,56,52
25-34,15,REP,749,437,417
25-34,15,UNA,1827,956,899
25-34,16,DEM,4846,3049,2735
25-34,16,OTH,78,32,38
25-34,16,REP,626,354,332
25-34,16,UNA,1426,771,615
25-34,17,DEM,4992,3390,2977
25-34,17,OTH,140,69,55
25-34,17,REP,595,370,283
25-34,17,UNA,1847,1023,810
25-34,18,DEM,4607,3149,2801
25-34,18,OTH,95,44,47
25-34,18,REP,505,331,267
25-34,18,UNA,1414,810,662
25-34,19,DEM,4036,2730,2693
25-34,19,OTH,116,54,54
25-34,19,REP,599,382,316
25-34,19,UNA,1424,778,699
25-34,20,DEM,5489,3779,2904
25-34,20,OTH,133,54,47
25-34,20,REP,312,190,129
25-34,20,UNA,1411,755,537
25-34,21,DEM,5422,3072,2993
25-34,21,OTH,167,67,53
25-34,21,REP,723,338,290
25-34,21,UNA,2140,881,766
25-34,22,DEM,5526,3249,3128
25-34,22,OTH,171,67,43
25-34,22,REP,338,188,145
25-34,22,UNA,1528,705,586
25-34,23,DEM,6632,4371,4497
25-34,23,OTH,159,66,74
25-34,23,REP,465,253,227
25-34,23,UNA,1735,856,802
25-34,24,DEM,7032,4089,4210
25-34,24,OTH,191,75,69
25-34,24,REP,269,127,116
25-34,24,UNA,1508,697,579
25-34,25,DEM,7587,4569,4629
25-34,25,OTH,194,74,67
25-34,25,REP,250,101,101
25-34,25,UNA,1636,715,641
25-34,26,DEM,6528,3579,3605
25-34,26,OTH,177,65,61
25-34,26,REP,286,128,105
25-34,26,UNA,1581,661,590
25-34,27A,DEM,2161,1337,1360
25-34,27A,OTH,52,15,13
25-34,27A,REP,209,121,109
25-34,27A,UNA,610,286,268
25-34,27B,DEM,1573,1035,1012
25-34,27B,OTH,72,28,25
25-34,27B,REP,502,344,302
25-34,27B,UNA,647,345,263
25-34,27C,DEM,980,630,637
25-34,27C,OTH,55,33,24
25-34,27C,REP,932,683,558
25-34,27C,UNA,672,340,302
25-34,28,DEM,5663,3711,3687
25-34,28,OTH,165,76,78
25-34,28,REP,1144,733,641
25-34,28,UNA,2113,1081,942
25-34,29A,DEM,748,459,454
25-34,29A,OTH,60,28,21
25-34,29A,REP,1088,823,716
25-34,29A,UNA,767,388,317
25-34,29B,DEM,1464,856,824
25-34,29B,OTH,79,40,37
25-34,29B,REP,618,390,317
25-34,29B,UNA,907,436,329
25-34,29C,DEM,1023,640,623
25-34,29C,OTH,65,33,33
25-34,29C,REP,959,661,552
25-34,29C,UNA,806,415,309
25-34,30A,DEM,2731,1809,1691
25-34,30A,OTH,101,43,45
25-34,30A,REP,1076,675,589
25-34,30A,UNA,1339,696,606
25-34,30B,DEM,803,525,542
25-34,30B,OTH,46,23,22
25-34,30B,REP,804,585,514
25-34,30B,UNA,646,357,325
25-34,31,DEM,3234,2225,2173
25-34,31,OTH,178,93,77
25-34,31,REP,2403,1705,1507
25-34,31,UNA,2386,1332,1129
25-34,32,DEM,4932,3240,2941
25-34,32,OTH,209,95,70
25-34,32,REP,1178,759,616
25-34,32,UNA,2553,1256,1048
25-34,33A,DEM,1630,1105,974
25-34,33A,OTH,56,33,22
25-34,33A,REP,411,267,217
25-34,33A,UNA,894,489,414
25-34,33B,DEM,1011,716,716
25-34,33B,OTH,55,27,30
25-34,33B,REP,607,411,391
25-34,33B,UNA,660,359,347
25-34,33C,DEM,1059,740,709
25-34,33C,OTH,46,20,21
25-34,33C,REP,667,456,417
25-34,33C,UNA,653,368,333
25-34,34A,DEM,2968,1848,1717
25-34,34A,OTH,172,82,76
25-34,34A,REP,1008,668,542
25-34,34A,UNA,1759,819,680
25-34,34B,DEM,1128,822,782
25-34,34B,OTH,64,29,29
25-34,34B,REP,893,669,584
25-34,34B,UNA,825,484,420
25-34,35A,DEM,1376,912,972
25-34,35A,OTH,104,60,50
25-34,35A,REP,1992,1493,1388
25-34,35A,UNA,1317,733,689
25-34,35B,DEM,728,431,381
25-34,35B,OTH,79,40,23
25-34,35B,REP,1154,830,675
25-34,35B,UNA,829,380,264
25-34,36,DEM,1725,1010,867
25-34,36,OTH,131,47,42
25-34,36,REP,1907,1368,1143
25-34,36,UNA,1653,785,590
25-34,37A,DEM,1555,730,690
25-34,37A,OTH,68,31,22
25-34,37A,REP,480,294,264
25-34,37A,UNA,748,289,260
25-34,37B,DEM,1608,917,941
25-34,37B,OTH,115,47,41
25-34,37B,REP,1752,1263,1124
25-34,37B,UNA,1248,569,520
25-34,38A,DEM,983,526,538
25-34,38A,OTH,54,24,20
25-34,38A,REP,801,560,515
25-34,38A,UNA,629,256,217
25-34,38B,DEM,1160,650,620
25-34,38B,OTH,58,16,17
25-34,38B,REP,539,349,285
25-34,38B,UNA,798,328,302
25-34,38C,DEM,669,384,403
25-34,38C,OTH,71,33,29
25-34,38C,REP,915,605,556
25-34,38C,UNA,740,349,314
25-34,39,DEM,4717,3064,3088
25-34,39,OTH,154,64,58
25-34,39,REP,620,363,313
25-34,39,UNA,1869,971,880
25-34,40,DEM,7699,4099,3459
25-34,40,OTH,292,102,74
25-34,40,REP,354,115,91
25-34,40,UNA,1856,659,502
25-34,41,DEM,5749,3177,3096
25-34,41,OTH,194,63,45
25-34,41,REP,547,258,197
25-34,41,UNA,1341,551,454
25-34,42A,DEM,782,506,575
25-34,42A,OTH,40,18,18
25-34,42A,REP,746,507,517
25-34,42A,UNA,466,246,260
25-34,42B,DEM,1489,964,981
25-34,42B,OTH,49,20,19
25-34,42B,REP,406,259,250
25-34,42B,UNA,559,290,266
25-34,42C,DEM,661,439,474
25-34,42C,OTH,45,28,25
25-34,42C,REP,1022,724,691
25-34,42C,UNA,693,387,368
25-34,43A,DEM,4973,2912,2601
25-34,43A,OTH,143,60,46
25-34,43A,REP,156,66,47
25-34,43A,UNA,1009,426,360
25-34,43B,DEM,1568,1017,948
25-34,43B,OTH,47,20,23
25-34,43B,REP,242,147,156
25-34,43B,UNA,457,243,205
25-34,44A,DEM,1410,872,811
25-34,44A,OTH,75,28,24
25-34,44A,REP,374,231,193
25-34,44A,UNA,636,318,252
25-34,44B,DEM,3680,2379,2339
25-34,44B,OTH,113,46,47
25-34,44B,REP,443,293,249
25-34,44B,UNA,1058,535,473
25-34,45,DEM,6453,3449,3185
25-34,45,OTH,230,62,60
25-34,45,REP,318,123,105
25-34,45,UNA,1558,570,477
25-34,46,DEM,9544,6423,4743
25-34,46,OTH,237,99,67
25-34,46,REP,1141,652,537
25-34,46,UNA,2921,1546,1053
25-34,47A,DEM,3521,1979,1826
25-34,47A,OTH,117,41,33
25-34,47A,REP,210,121,64
25-34,47A,UNA,968,414,314
25-34,47B,DEM,1241,659,628
25-34,47B,OTH,44,15,13
25-34,47B,REP,78,42,30
25-34,47B,UNA,359,135,123
25-34,36,DEM,396,228,215
25-34,36,OTH,69,37,35
25-34,36,REP,1059,730,654
25-34,36,UNA,588,278,258
25-34,01A,DEM,297,157,142
25-34,01A,OTH,48,19,19
25-34,01A,REP,1383,841,777
25-34,01A,UNA,547,226,178
25-34,01B,DEM,525,265,245
25-34,01B,OTH,101,44,27
25-34,01B,REP,1103,651,543
25-34,01B,UNA,794,274,254
25-34,01C,DEM,392,184,165
25-34,01C,OTH,75,32,27
25-34,01C,REP,1239,744,635
25-34,01C,UNA,718,277,205
25-34,02A,DEM,1042,537,547
25-34,02A,OTH,142,68,46
25-34,02A,REP,2037,1289,1104
25-34,02A,UNA,1390,603,489
25-34,02B,DEM,832,320,303
25-34,02B,OTH,96,35,22
25-34,02B,REP,591,283,202
25-34,02B,UNA,935,265,186
25-34,03,DEM,3578,2088,1960
25-34,03,OTH,242,109,95
25-34,03,REP,2065,1209,1061
25-34,03,UNA,2969,1365,1153
25-34,04,DEM,1847,1118,1166
25-34,04,OTH,192,103,101
25-34,04,REP,2920,1892,1746
25-34,04,UNA,2333,1135,1068
25-34,05,DEM,1551,925,981
25-34,05,OTH,247,112,113
25-34,05,REP,3655,2350,2326
25-34,05,UNA,2317,1115,1024
25-34,06,DEM,2496,922,943
25-34,06,OTH,247,74,58
25-34,06,REP,1957,1166,933
25-34,06,UNA,2254,780,612
25-34,07A,DEM,1484,821,869
25-34,07A,OTH,139,57,53
25-34,07A,REP,1580,1039,894
25-34,07A,UNA,1380,621,545
25-34,07B,DEM,528,310,322
25-34,07B,OTH,71,33,25
25-34,07B,REP,1109,783,722
25-34,07B,UNA,759,397,354
25-34,08,DEM,3613,1799,1785
25-34,08,OTH,240,88,83
25-34,08,REP,1550,948,756
25-34,08,UNA,2288,951,757
25-34,09A,DEM,1600,898,1059
25-34,09A,OTH,93,46,49
25-34,09A,REP,1168,667,732
25-34,09A,UNA,1398,660,701
25-34,09B,DEM,937,556,631
25-34,09B,OTH,38,18,14
25-34,09B,REP,364,234,205
25-34,09B,UNA,601,292,309
25-34,10,DEM,4080,2016,2261
25-34,10,OTH,172,68,61
25-34,10,REP,1002,587,522
25-34,10,UNA,1983,882,824
25-34,11A,DEM,1290,669,672
25-34,11A,OTH,48,25,15
25-34,11A,REP,297,167,141
25-34,11A,UNA,640,279,259
25-34,11B,DEM,1946,1111,1181
25-34,11B,OTH,98,46,42
25-34,11B,REP,1043,631,583
25-34,11B,UNA,1035,463,462
25-34,12A,DEM,2806,1693,1668
25-34,12A,OTH,145,72,63
25-34,12A,REP,969,597,518
25-34,12A,UNA,1959,999,822
25-34,12B,DEM,1061,509,489
25-34,12B,OTH,108,44,34
25-34,12B,REP,617,360,288
25-34,12B,UNA,863,331,274
25-34,13,DEM,3965,2421,2399
25-34,13,OTH,185,64,61
25-34,13,REP,1298,783,664
25-34,13,UNA,2575,1283,1138
25-34,14,DEM,3335,1883,2171
25-34,14,OTH,142,50,59
25-34,14,REP,1160,668,676
25-34,14,UNA,2189,1000,1047
25-34,15,DEM,3466,1931,2128
25-34,15,OTH,163,66,66
25-34,15,REP,1133,621,615
25-34,15,UNA,2345,1052,1031
25-34,16,DEM,3579,2087,2018
25-34,16,OTH,110,57,50
25-34,16,REP,911,503,449
25-34,16,UNA,1872,931,765
25-34,17,DEM,3778,2344,2109
25-34,17,OTH,151,63,54
25-34,17,REP,987,602,456
25-34,17,UNA,2338,1103,956
25-34,18,DEM,3538,2130,2009
25-34,18,OTH,126,47,43
25-34,18,REP,734,427,354
25-34,18,UNA,1842,908,769
25-34,19,DEM,3096,1767,1838
25-34,19,OTH,143,55,55
25-34,19,REP,925,523,458
25-34,19,UNA,1915,891,860
25-34,20,DEM,4017,2396,2067
25-34,20,OTH,147,53,57
25-34,20,REP,492,271,204
25-34,20,UNA,1809,849,692
25-34,21,DEM,4287,1959,2079
25-34,21,OTH,203,51,54
25-34,21,REP,1093,486,396
25-34,21,UNA,2710,1006,880
25-34,22,DEM,4291,1939,2017
25-34,22,OTH,178,47,53
25-34,22,REP,596,287,215
25-34,22,UNA,1903,680,660
25-34,23,DEM,5297,2734,3046
25-34,23,OTH,199,74,82
25-34,23,REP,735,386,344
25-34,23,UNA,2302,936,949
25-34,24,DEM,5548,2337,2722
25-34,24,OTH,220,60,64
25-34,24,REP,424,167,150
25-34,24,UNA,2071,720,726
25-34,25,DEM,5948,2586,2974
25-34,25,OTH,198,53,54
25-34,25,REP,437,158,143
25-34,25,UNA,1969,647,687
25-34,26,DEM,5374,2187,2502
25-34,26,OTH,163,38,36
25-34,26,REP,436,180,139
25-34,26,UNA,2039,672,632
25-34,27A,DEM,1730,773,899
25-34,27A,OTH,59,23,14
25-34,27A,REP,318,165,147
25-34,27A,UNA,733,265,269
25-34,27B,DEM,1302,669,755
25-34,27B,OTH,50,19,17
25-34,27B,REP,676,427,363
25-34,27B,UNA,766,337,301
25-34,27C,DEM,647,329,334
25-34,27C,OTH,66,30,27
25-34,27C,REP,1153,773,642
25-34,27C,UNA,766,347,302
25-34,28,DEM,4471,2096,2402
25-34,28,OTH,209,77,72
25-34,28,REP,1461,884,752
25-34,28,UNA,2366,997,911
25-34,29A,DEM,504,254,264
25-34,29A,OTH,58,29,31
25-34,29A,REP,1325,907,750
25-34,29A,UNA,794,395,305
25-34,29B,DEM,1105,575,550
25-34,29B,OTH,122,60,44
25-34,29B,REP,921,559,445
25-34,29B,UNA,1107,509,355
25-34,29C,DEM,692,375,373
25-34,29C,OTH,104,54,40
25-34,29C,REP,1134,752,596
25-34,29C,UNA,901,406,329
25-34,30A,DEM,1837,1065,1015
25-34,30A,OTH,125,53,42
25-34,30A,REP,1436,892,753
25-34,30A,UNA,1472,687,571
25-34,30B,DEM,552,294,315
25-34,30B,OTH,49,19,19
25-34,30B,REP,994,641,582
25-34,30B,UNA,704,346,290
25-34,31,DEM,2216,1300,1324
25-34,31,OTH,249,131,113
25-34,31,REP,3059,2069,1838
25-34,31,UNA,2641,1263,1089
25-34,32,DEM,3814,2018,1979
25-34,32,OTH,234,87,66
25-34,32,REP,1697,1046,817
25-34,32,UNA,3121,1294,1051
25-34,33A,DEM,1093,631,620
25-34,33A,OTH,85,35,29
25-34,33A,REP,615,374,300
25-34,33A,UNA,1022,522,344
25-34,33B,DEM,752,460,492
25-34,33B,OTH,67,27,43
25-34,33B,REP,821,542,504
25-34,33B,UNA,742,370,340
25-34,33C,DEM,712,446,455
25-34,33C,OTH,59,26,33
25-34,33C,REP,813,501,463
25-34,33C,UNA,754,374,347
25-34,34A,DEM,2104,999,1083
25-34,34A,OTH,219,91,68
25-34,34A,REP,1353,799,638
25-34,34A,UNA,1915,819,646
25-34,34B,DEM,769,495,471
25-34,34B,OTH,97,52,38
25-34,34B,REP,1144,791,712
25-34,34B,UNA,894,441,404
25-34,35A,DEM,907,554,568
25-34,35A,OTH,169,91,89
25-34,35A,REP,2495,1766,1636
25-34,35A,UNA,1420,731,674
25-34,35B,DEM,495,226,213
25-34,35B,OTH,96,43,32
25-34,35B,REP,1346,899,717
25-34,35B,UNA,839,344,247
25-34,36,DEM,1202,555,532
25-34,36,OTH,171,83,78
25-34,36,REP,2323,1576,1264
25-34,36,UNA,1612,687,505
25-34,37A,DEM,994,316,333
25-34,37A,OTH,90,26,18
25-34,37A,REP,569,325,251
25-34,37A,UNA,715,216,190
25-34,37B,DEM,1082,515,563
25-34,37B,OTH,129,62,60
25-34,37B,REP,2072,1366,1247
25-34,37B,UNA,1291,530,471
25-34,38A,DEM,660,272,286
25-34,38A,OTH,66,25,19
25-34,38A,REP,918,560,522
25-34,38A,UNA,637,220,216
25-34,38B,DEM,796,352,384
25-34,38B,OTH,97,37,39
25-34,38B,REP,679,385,317
25-34,38B,UNA,872,334,274
25-34,38C,DEM,437,200,216
25-34,38C,OTH,80,31,29
25-34,38C,REP,1143,715,655
25-34,38C,UNA,747,292,275
25-34,39,DEM,3668,1937,2097
25-34,39,OTH,185,75,83
25-34,39,REP,945,531,437
25-34,39,UNA,2378,1057,978
25-34,40,DEM,5292,2150,1972
25-34,40,OTH,239,63,54
25-34,40,REP,491,171,140
25-34,40,UNA,1953,639,517
25-34,41,DEM,4560,1763,1899
25-34,41,OTH,172,36,34
25-34,41,REP,641,280,210
25-34,41,UNA,1620,497,440
25-34,42A,DEM,491,297,336
25-34,42A,OTH,63,24,34
25-34,42A,REP,895,568,578
25-34,42A,UNA,552,283,293
25-34,42B,DEM,1014,568,553
25-34,42B,OTH,64,36,26
25-34,42B,REP,546,314,277
25-34,42B,UNA,637,316,282
25-34,42C,DEM,460,273,277
25-34,42C,OTH,73,37,31
25-34,42C,REP,1268,842,811
25-34,42C,UNA,730,362,331
25-34,43A,DEM,3421,1484,1512
25-34,43A,OTH,132,44,35
25-34,43A,REP,254,82,75
25-34,43A,UNA,1112,348,309
25-34,43B,DEM,1017,586,565
25-34,43B,OTH,46,18,20
25-34,43B,REP,360,216,198
25-34,43B,UNA,579,257,215
25-34,44A,DEM,989,523,517
25-34,44A,OTH,101,30,37
25-34,44A,REP,490,286,245
25-34,44A,UNA,745,312,266
25-34,44B,DEM,2734,1387,1493
25-34,44B,OTH,151,53,54
25-34,44B,REP,664,383,327
25-34,44B,UNA,1271,506,501
25-34,45,DEM,4790,1631,1701
25-34,45,OTH,230,51,49
25-34,45,REP,478,165,119
25-34,45,UNA,1700,470,451
25-34,46,DEM,6517,3963,3097
25-34,46,OTH,274,105,91
25-34,46,REP,1830,1051,839
25-34,46,UNA,3421,1685,1173
25-34,47A,DEM,2793,1144,1184
25-34,47A,OTH,129,27,24
25-34,47A,REP,336,136,99
25-34,47A,UNA,1126,368,320
25-34,47B,DEM,853,361,398
25-34,47B,OTH,43,13,11
25-34,47B,REP,125,58,43
25-34,47B,UNA,441,142,123
35-50,36,DEM,1062,795,782
35-50,36,OTH,49,31,30
35-50,36,REP,1621,1337,1275
35-50,36,UNA,925,634,565
35-50,01A,DEM,644,434,384
35-50,01A,OTH,68,36,26
35-50,01A,REP,2025,1530,1484
35-50,01A,UNA,741,376,316
35-50,01B,DEM,1142,725,669
35-50,01B,OTH,92,32,37
35-50,01B,REP,1594,1120,1016
35-50,01B,UNA,1016,517,412
35-50,01C,DEM,868,574,536
35-50,01C,OTH,92,37,30
35-50,01C,REP,1748,1315,1222
35-50,01C,UNA,1004,556,447
35-50,02A,DEM,2280,1698,1547
35-50,02A,OTH,159,91,81
35-50,02A,REP,3156,2525,2214
35-50,02A,UNA,2173,1375,1158
35-50,02B,DEM,1825,1115,1012
35-50,02B,OTH,130,51,45
35-50,02B,REP,883,547,460
35-50,02B,UNA,1257,562,471
35-50,03,DEM,7638,5896,5462
35-50,03,OTH,237,126,104
35-50,03,REP,2457,1765,1610
35-50,03,UNA,3961,2542,2121
35-50,04,DEM,5766,4769,4424
35-50,04,OTH,221,144,120
35-50,04,REP,4773,3942,3687
35-50,04,UNA,4223,2980,2596
35-50,05,DEM,4176,3411,3276
35-50,05,OTH,242,154,143
35-50,05,REP,5277,4392,4238
35-50,05,UNA,3720,2587,2379
35-50,06,DEM,5471,3307,3156
35-50,06,OTH,329,122,115
35-50,06,REP,2950,2154,1934
35-50,06,UNA,3141,1547,1373
35-50,07A,DEM,3995,3102,2965
35-50,07A,OTH,179,101,87
35-50,07A,REP,2461,1972,1833
35-50,07A,UNA,2138,1380,1262
35-50,07B,DEM,1525,1213,1197
35-50,07B,OTH,82,54,44
35-50,07B,REP,1990,1675,1612
35-50,07B,UNA,1188,824,762
35-50,08,DEM,8099,5723,5480
35-50,08,OTH,328,180,159
35-50,08,REP,1940,1347,1240
35-50,08,UNA,2986,1647,1464
35-50,09A,DEM,4484,3700,3455
35-50,09A,OTH,130,73,73
35-50,09A,REP,2040,1649,1527
35-50,09A,UNA,2747,2022,1789
35-50,09B,DEM,2326,1877,1749
35-50,09B,OTH,53,31,20
35-50,09B,REP,541,421,361
35-50,09B,UNA,1187,851,711
35-50,10,DEM,8732,6455,6499
35-50,10,OTH,251,121,117
35-50,10,REP,1232,881,811
35-50,10,UNA,2268,1360,1300
35-50,11A,DEM,3003,2251,2217
35-50,11A,OTH,77,46,32
35-50,11A,REP,372,249,226
35-50,11A,UNA,781,511,461
35-50,11B,DEM,4730,3688,3569
35-50,11B,OTH,105,60,50
35-50,11B,REP,1510,1166,1041
35-50,11B,UNA,1749,1151,1012
35-50,12A,DEM,5975,4779,4540
35-50,12A,OTH,166,88,80
35-50,12A,REP,1157,860,793
35-50,12A,UNA,2375,1626,1447
35-50,12B,DEM,2145,1485,1467
35-50,12B,OTH,102,45,48
35-50,12B,REP,820,552,502
35-50,12B,UNA,1185,612,545
35-50,13,DEM,9193,7416,6998
35-50,13,OTH,240,127,115
35-50,13,REP,1713,1289,1173
35-50,13,UNA,3548,2447,2198
35-50,14,DEM,7771,6123,5900
35-50,14,OTH,188,91,91
35-50,14,REP,1672,1239,1138
35-50,14,UNA,2992,1960,1818
35-50,15,DEM,7944,6311,5687
35-50,15,OTH,201,117,96
35-50,15,REP,1735,1255,1109
35-50,15,UNA,3875,2643,2267
35-50,16,DEM,8034,6561,5260
35-50,16,OTH,119,75,65
35-50,16,REP,1290,925,790
35-50,16,UNA,3129,2253,1711
35-50,17,DEM,7164,5628,5091
35-50,17,OTH,212,118,91
35-50,17,REP,1079,742,643
35-50,17,UNA,2970,1912,1570
35-50,18,DEM,8235,6742,5837
35-50,18,OTH,160,86,71
35-50,18,REP,986,712,608
35-50,18,UNA,2508,1699,1408
35-50,19,DEM,6536,5120,4793
35-50,19,OTH,151,77,67
35-50,19,REP,1214,861,754
35-50,19,UNA,2484,1584,1381
35-50,20,DEM,9121,7110,6221
35-50,20,OTH,191,90,75
35-50,20,REP,775,516,400
35-50,20,UNA,2224,1349,1113
35-50,21,DEM,7470,5097,4969
35-50,21,OTH,331,111,93
35-50,21,REP,1159,724,641
35-50,21,UNA,2574,1438,1307
35-50,22,DEM,8256,5480,5259
35-50,22,OTH,256,80,71
35-50,22,REP,601,321,277
35-50,22,UNA,2162,1138,1064
35-50,23,DEM,11768,8818,8690
35-50,23,OTH,306,105,94
35-50,23,REP,1015,614,554
35-50,23,UNA,2743,1653,1562
35-50,24,DEM,11073,7203,7112
35-50,24,OTH,377,115,116
35-50,24,REP,541,278,244
35-50,24,UNA,2219,1149,1108
35-50,25,DEM,12463,8395,8318
35-50,25,OTH,351,115,108
35-50,25,REP,505,232,206
35-50,25,UNA,2290,1186,1115
35-50,26,DEM,10300,6544,6501
35-50,26,OTH,342,103,96
35-50,26,REP,578,278,232
35-50,26,UNA,2269,1124,1031
35-50,27A,DEM,4053,3115,3035
35-50,27A,OTH,88,35,37
35-50,27A,REP,424,289,264
35-50,27A,UNA,1024,608,548
35-50,27B,DEM,2880,2247,2082
35-50,27B,OTH,101,52,45
35-50,27B,REP,1085,821,676
35-50,27B,UNA,1231,788,625
35-50,27C,DEM,1584,1227,1123
35-50,27C,OTH,88,59,49
35-50,27C,REP,1866,1562,1319
35-50,27C,UNA,1309,931,710
35-50,28,DEM,10519,8365,7924
35-50,28,OTH,263,148,130
35-50,28,REP,2188,1636,1485
35-50,28,UNA,3333,2123,1842
35-50,29A,DEM,1243,916,854
35-50,29A,OTH,71,44,25
35-50,29A,REP,2082,1719,1553
35-50,29A,UNA,1135,761,633
35-50,29B,DEM,1864,1334,1289
35-50,29B,OTH,99,53,51
35-50,29B,REP,1045,776,703
35-50,29B,UNA,1157,674,580
35-50,29C,DEM,1548,1173,1077
35-50,29C,OTH,92,51,44
35-50,29C,REP,1693,1362,1169
35-50,29C,UNA,1275,850,654
35-50,30A,DEM,3753,2894,2687
35-50,30A,OTH,117,59,49
35-50,30A,REP,1596,1182,1094
35-50,30A,UNA,1807,1151,1012
35-50,30B,DEM,1428,1124,1062
35-50,30B,OTH,76,46,40
35-50,30B,REP,1425,1156,1073
35-50,30B,UNA,1115,757,666
35-50,31,DEM,5726,4509,4297
35-50,31,OTH,269,163,138
35-50,31,REP,4745,3790,3533
35-50,31,UNA,4017,2661,2394
35-50,32,DEM,7679,5647,5427
35-50,32,OTH,261,135,107
35-50,32,REP,2095,1447,1299
35-50,32,UNA,3627,2077,1914
35-50,33A,DEM,2757,2210,2084
35-50,33A,OTH,83,49,41
35-50,33A,REP,832,614,585
35-50,33A,UNA,1349,894,790
35-50,33B,DEM,2157,1821,1703
35-50,33B,OTH,72,48,44
35-50,33B,REP,1376,1102,1044
35-50,33B,UNA,1389,1011,907
35-50,33C,DEM,2250,1898,1776
35-50,33C,OTH,89,57,52
35-50,33C,REP,1368,1089,1021
35-50,33C,UNA,1410,1033,921
35-50,34A,DEM,4717,3382,3275
35-50,34A,OTH,236,103,100
35-50,34A,REP,1788,1329,1211
35-50,34A,UNA,2397,1397,1246
35-50,34B,DEM,1855,1497,1453
35-50,34B,OTH,103,66,59
35-50,34B,REP,1615,1318,1210
35-50,34B,UNA,1295,861,804
35-50,35A,DEM,2371,1963,1875
35-50,35A,OTH,148,95,88
35-50,35A,REP,4145,3551,3392
35-50,35A,UNA,2317,1642,1496
35-50,35B,DEM,1040,706,611
35-50,35B,OTH,96,41,32
35-50,35B,REP,2231,1799,1529
35-50,35B,UNA,1181,667,510
35-50,36,DEM,2674,1794,1573
35-50,36,OTH,174,85,64
35-50,36,REP,3429,2724,2398
35-50,36,UNA,2240,1277,1054
35-50,37A,DEM,2179,1255,1274
35-50,37A,OTH,94,32,38
35-50,37A,REP,704,501,458
35-50,37A,UNA,871,388,362
35-50,37B,DEM,2522,1810,1727
35-50,37B,OTH,134,73,69
35-50,37B,REP,3121,2549,2375
35-50,37B,UNA,1947,1164,1035
35-50,38A,DEM,1667,1081,1077
35-50,38A,OTH,76,46,39
35-50,38A,REP,1423,1124,1059
35-50,38A,UNA,954,492,478
35-50,38B,DEM,1685,1126,1113
35-50,38B,OTH,93,31,36
35-50,38B,REP,900,664,599
35-50,38B,UNA,956,541,468
35-50,38C,DEM,979,691,663
35-50,38C,OTH,101,49,37
35-50,38C,REP,1594,1253,1178
35-50,38C,UNA,1033,615,546
35-50,39,DEM,7071,5286,5081
35-50,39,OTH,268,133,139
35-50,39,REP,1171,800,672
35-50,39,UNA,3056,1934,1654
35-50,40,DEM,10633,5985,5890
35-50,40,OTH,277,76,68
35-50,40,REP,606,218,198
35-50,40,UNA,2199,837,787
35-50,41,DEM,9626,6347,6292
35-50,41,OTH,238,102,81
35-50,41,REP,726,378,328
35-50,41,UNA,1822,882,787
35-50,42A,DEM,1699,1432,1375
35-50,42A,OTH,67,44,42
35-50,42A,REP,1600,1327,1292
35-50,42A,UNA,1102,779,748
35-50,42B,DEM,2172,1717,1679
35-50,42B,OTH,75,34,25
35-50,42B,REP,664,503,483
35-50,42B,UNA,855,545,508
35-50,42C,DEM,1122,905,859
35-50,42C,OTH,68,48,41
35-50,42C,REP,1918,1592,1487
35-50,42C,UNA,1170,770,709
35-50,43A,DEM,7371,4910,4804
35-50,43A,OTH,164,54,61
35-50,43A,REP,313,125,125
35-50,43A,UNA,1294,568,547
35-50,43B,DEM,2386,1958,1880
35-50,43B,OTH,49,27,24
35-50,43B,REP,375,287,251
35-50,43B,UNA,649,430,373
35-50,44A,DEM,2119,1466,1488
35-50,44A,OTH,96,47,35
35-50,44A,REP,675,483,413
35-50,44A,UNA,897,484,428
35-50,44B,DEM,5734,4264,4214
35-50,44B,OTH,168,82,73
35-50,44B,REP,846,620,525
35-50,44B,UNA,1460,819,780
35-50,45,DEM,10694,6707,6640
35-50,45,OTH,316,111,113
35-50,45,REP,603,267,248
35-50,45,UNA,1993,877,825
35-50,46,DEM,8769,5488,5127
35-50,46,OTH,269,87,84
35-50,46,REP,1226,516,532
35-50,46,UNA,2712,1170,1056
35-50,47A,DEM,5015,3069,2904
35-50,47A,OTH,195,61,55
35-50,47A,REP,362,193,160
35-50,47A,UNA,1212,578,478
35-50,47B,DEM,1245,679,663
35-50,47B,OTH,65,12,6
35-50,47B,REP,124,66,47
35-50,47B,UNA,340,140,133
35-50,36,DEM,629,429,411
35-50,36,OTH,86,57,42
35-50,36,REP,1820,1494,1374
35-50,36,UNA,920,608,523
35-50,01A,DEM,487,312,274
35-50,01A,OTH,86,43,38
35-50,01A,REP,2183,1568,1453
35-50,01A,UNA,776,375,315
35-50,01B,DEM,868,489,451
35-50,01B,OTH,138,53,53
35-50,01B,REP,1804,1220,1091
35-50,01B,UNA,1067,517,413
35-50,01C,DEM,647,375,335
35-50,01C,OTH,107,53,47
35-50,01C,REP,1923,1392,1219
35-50,01C,UNA,984,518,434
35-50,02A,DEM,1577,1073,970
35-50,02A,OTH,172,99,79
35-50,02A,REP,3505,2681,2326
35-50,02A,UNA,2276,1338,1125
35-50,02B,DEM,1275,624,600
35-50,02B,OTH,117,44,46
35-50,02B,REP,1049,598,501
35-50,02B,UNA,1170,482,384
35-50,03,DEM,5256,3729,3389
35-50,03,OTH,334,170,150
35-50,03,REP,3051,2125,1907
35-50,03,UNA,4409,2709,2315
35-50,04,DEM,3564,2801,2587
35-50,04,OTH,313,211,188
35-50,04,REP,5473,4430,4012
35-50,04,UNA,4455,3036,2661
35-50,05,DEM,2582,1932,1858
35-50,05,OTH,369,248,231
35-50,05,REP,6100,4865,4557
35-50,05,UNA,3923,2596,2396
35-50,06,DEM,3567,1685,1656
35-50,06,OTH,385,150,148
35-50,06,REP,3409,2306,2063
35-50,06,UNA,3138,1448,1233
35-50,07A,DEM,2639,1845,1785
35-50,07A,OTH,211,116,110
35-50,07A,REP,2802,2147,1971
35-50,07A,UNA,2332,1390,1290
35-50,07B,DEM,966,720,723
35-50,07B,OTH,110,73,68
35-50,07B,REP,2194,1801,1728
35-50,07B,UNA,1309,895,798
35-50,08,DEM,5054,2941,2895
35-50,08,OTH,332,161,130
35-50,08,REP,2374,1580,1376
35-50,08,UNA,3165,1599,1463
35-50,09A,DEM,2832,2227,2099
35-50,09A,OTH,144,77,77
35-50,09A,REP,2290,1796,1680
35-50,09A,UNA,2890,2073,1811
35-50,09B,DEM,1495,1164,1083
35-50,09B,OTH,64,34,34
35-50,09B,REP,636,473,433
35-50,09B,UNA,1299,904,761
35-50,10,DEM,5436,3408,3441
35-50,10,OTH,259,112,107
35-50,10,REP,1399,937,868
35-50,10,UNA,2694,1422,1420
35-50,11A,DEM,1683,1107,1108
35-50,11A,OTH,71,31,29
35-50,11A,REP,390,263,230
35-50,11A,UNA,822,476,428
35-50,11B,DEM,3255,2366,2230
35-50,11B,OTH,167,99,82
35-50,11B,REP,1647,1232,1087
35-50,11B,UNA,1945,1245,1096
35-50,12A,DEM,3936,2941,2808
35-50,12A,OTH,194,90,81
35-50,12A,REP,1371,1004,897
35-50,12A,UNA,2732,1755,1616
35-50,12B,DEM,1439,736,762
35-50,12B,OTH,140,63,56
35-50,12B,REP,1028,633,581
35-50,12B,UNA,1223,604,537
35-50,13,DEM,5916,4461,4255
35-50,13,OTH,295,163,131
35-50,13,REP,2013,1465,1341
35-50,13,UNA,4247,2840,2592
35-50,14,DEM,5108,3699,3531
35-50,14,OTH,232,134,119
35-50,14,REP,2010,1429,1293
35-50,14,UNA,3404,2130,1976
35-50,15,DEM,5204,3900,3654
35-50,15,OTH,228,126,110
35-50,15,REP,1901,1383,1215
35-50,15,UNA,4164,2760,2357
35-50,16,DEM,5423,4270,3338
35-50,16,OTH,149,69,72
35-50,16,REP,1549,1117,931
35-50,16,UNA,3661,2548,1923
35-50,17,DEM,5042,3686,3284
35-50,17,OTH,233,122,101
35-50,17,REP,1287,882,744
35-50,17,UNA,3489,2160,1809
35-50,18,DEM,6058,4674,4061
35-50,18,OTH,201,105,80
35-50,18,REP,1323,944,773
35-50,18,UNA,3159,2051,1712
35-50,19,DEM,4874,3459,3254
35-50,19,OTH,192,107,99
35-50,19,REP,1492,1020,893
35-50,19,UNA,2937,1819,1623
35-50,20,DEM,6530,4691,4114
35-50,20,OTH,219,101,89
35-50,20,REP,915,595,457
35-50,20,UNA,2912,1728,1426
35-50,21,DEM,5363,3024,2983
35-50,21,OTH,398,91,93
35-50,21,REP,1581,886,786
35-50,21,UNA,3225,1570,1453
35-50,22,DEM,6148,3365,3320
35-50,22,OTH,327,81,85
35-50,22,REP,823,439,349
35-50,22,UNA,2554,1165,1057
35-50,23,DEM,7647,4781,4854
35-50,23,OTH,350,125,109
35-50,23,REP,1264,701,640
35-50,23,UNA,3266,1752,1667
35-50,24,DEM,8056,3988,4222
35-50,24,OTH,394,95,100
35-50,24,REP,744,340,292
35-50,24,UNA,2681,1183,1115
35-50,25,DEM,8748,4401,4714
35-50,25,OTH,390,94,90
35-50,25,REP,663,301,262
35-50,25,UNA,2699,1152,1129
35-50,26,DEM,7963,3839,3980
35-50,26,OTH,366,91,89
35-50,26,REP,758,346,270
35-50,26,UNA,2976,1199,1155
35-50,27A,DEM,2574,1577,1618
35-50,27A,OTH,117,45,43
35-50,27A,REP,511,308,262
35-50,27A,UNA,1057,543,479
35-50,27B,DEM,1926,1232,1174
35-50,27B,OTH,136,61,50
35-50,27B,REP,1233,910,756
35-50,27B,UNA,1297,799,615
35-50,27C,DEM,1055,669,625
35-50,27C,OTH,113,74,58
35-50,27C,REP,2045,1630,1358
35-50,27C,UNA,1296,856,643
35-50,28,DEM,6697,4395,4320
35-50,28,OTH,293,142,125
35-50,28,REP,2552,1826,1628
35-50,28,UNA,3797,2138,1852
35-50,29A,DEM,774,509,475
35-50,29A,OTH,108,64,59
35-50,29A,REP,2196,1775,1570
35-50,29A,UNA,1188,749,614
35-50,29B,DEM,1225,737,697
35-50,29B,OTH,120,58,49
35-50,29B,REP,1203,869,753
35-50,29B,UNA,1209,678,608
35-50,29C,DEM,983,649,613
35-50,29C,OTH,132,69,57
35-50,29C,REP,1900,1450,1242
35-50,29C,UNA,1339,848,665
35-50,30A,DEM,2538,1747,1612
35-50,30A,OTH,174,80,84
35-50,30A,REP,1849,1362,1217
35-50,30A,UNA,2122,1234,1126
35-50,30B,DEM,936,644,607
35-50,30B,OTH,100,51,47
35-50,30B,REP,1643,1294,1191
35-50,30B,UNA,1200,780,688
35-50,31,DEM,3814,2697,2667
35-50,31,OTH,392,218,207
35-50,31,REP,5321,4157,3802
35-50,31,UNA,4480,2832,2544
35-50,32,DEM,5063,3141,3095
35-50,32,OTH,349,159,137
35-50,32,REP,2552,1691,1493
35-50,32,UNA,3982,2104,1956
35-50,33A,DEM,1706,1198,1166
35-50,33A,OTH,98,56,46
35-50,33A,REP,937,650,578
35-50,33A,UNA,1520,960,851
35-50,33B,DEM,1345,1046,992
35-50,33B,OTH,100,66,67
35-50,33B,REP,1576,1236,1136
35-50,33B,UNA,1537,1092,969
35-50,33C,DEM,1400,1078,1023
35-50,33C,OTH,124,84,69
35-50,33C,REP,1629,1282,1173
35-50,33C,UNA,1522,1099,953
35-50,34A,DEM,3038,1844,1829
35-50,34A,OTH,287,152,134
35-50,34A,REP,2178,1507,1337
35-50,34A,UNA,2629,1394,1219
35-50,34B,DEM,1111,825,818
35-50,34B,OTH,109,73,57
35-50,34B,REP,1790,1429,1317
35-50,34B,UNA,1343,894,834
35-50,35A,DEM,1471,1127,1081
35-50,35A,OTH,227,144,133
35-50,35A,REP,4462,3718,3508
35-50,35A,UNA,2335,1627,1480
35-50,35B,DEM,716,428,386
35-50,35B,OTH,134,66,52
35-50,35B,REP,2219,1734,1449
35-50,35B,UNA,1146,597,505
35-50,36,DEM,1787,978,915
35-50,36,OTH,243,122,103
35-50,36,REP,3651,2765,2398
35-50,36,UNA,2162,1168,978
35-50,37A,DEM,1391,553,557
35-50,37A,OTH,106,36,31
35-50,37A,REP,803,516,475
35-50,37A,UNA,844,333,304
35-50,37B,DEM,1683,997,957
35-50,37B,OTH,219,114,106
35-50,37B,REP,3434,2712,2496
35-50,37B,UNA,1877,1070,941
35-50,38A,DEM,1042,521,561
35-50,38A,OTH,88,33,30
35-50,38A,REP,1569,1138,1103
35-50,38A,UNA,939,468,413
35-50,38B,DEM,1058,615,603
35-50,38B,OTH,96,41,33
35-50,38B,REP,1030,689,622
35-50,38B,UNA,931,492,429
35-50,38C,DEM,718,415,401
35-50,38C,OTH,115,55,46
35-50,38C,REP,1744,1308,1212
35-50,38C,UNA,1120,621,561
35-50,39,DEM,4780,3166,3074
35-50,39,OTH,263,123,120
35-50,39,REP,1500,994,801
35-50,39,UNA,3414,1922,1788
35-50,40,DEM,8430,3729,3819
35-50,40,OTH,402,87,101
35-50,40,REP,858,296,273
35-50,40,UNA,2753,892,842
35-50,41,DEM,7167,3652,3746
35-50,41,OTH,280,91,86
35-50,41,REP,986,454,392
35-50,41,UNA,2283,899,841
35-50,42A,DEM,1048,843,822
35-50,42A,OTH,112,70,72
35-50,42A,REP,1808,1488,1406
35-50,42A,UNA,1183,845,780
35-50,42B,DEM,1526,1079,1037
35-50,42B,OTH,90,46,42
35-50,42B,REP,795,589,547
35-50,42B,UNA,1034,656,600
35-50,42C,DEM,740,546,538
35-50,42C,OTH,115,68,71
35-50,42C,REP,2110,1730,1576
35-50,42C,UNA,1237,799,728
35-50,43A,DEM,5431,2829,2867
35-50,43A,OTH,215,59,67
35-50,43A,REP,468,181,171
35-50,43A,UNA,1641,626,626
35-50,43B,DEM,1586,1213,1174
35-50,43B,OTH,74,32,30
35-50,43B,REP,477,353,337
35-50,43B,UNA,880,556,525
35-50,44A,DEM,1432,901,878
35-50,44A,OTH,131,54,54
35-50,44A,REP,861,566,490
35-50,44A,UNA,956,492,467
35-50,44B,DEM,3953,2310,2352
35-50,44B,OTH,184,76,71
35-50,44B,REP,1112,734,657
35-50,44B,UNA,1860,947,892
35-50,45,DEM,7556,3371,3549
35-50,45,OTH,368,107,97
35-50,45,REP,868,334,285
35-50,45,UNA,2485,910,851
35-50,46,DEM,7130,4208,3890
35-50,46,OTH,360,132,106
35-50,46,REP,1710,785,771
35-50,46,UNA,3554,1482,1369
35-50,47A,DEM,4021,1950,1936
35-50,47A,OTH,222,66,48
35-50,47A,REP,521,263,196
35-50,47A,UNA,1513,593,541
35-50,47B,DEM,1006,455,481
35-50,47B,OTH,80,19,11
35-50,47B,REP,164,77,64
35-50,47B,UNA,501,186,159
51-64,36,DEM,1233,1032,983
51-64,36,OTH,37,25,25
51-64,36,REP,2332,2053,1991
51-64,36,UNA,734,553,528
51-64,01A,DEM,659,504,456
51-64,01A,OTH,49,29,27
51-64,01A,REP,2538,2122,1977
51-64,01A,UNA,478,299,255
51-64,01B,DEM,1044,747,691
51-64,01B,OTH,53,26,20
51-64,01B,REP,2112,1717,1600
51-64,01B,UNA,638,387,339
51-64,01C,DEM,855,637,617
51-64,01C,OTH,35,22,15
51-64,01C,REP,2397,2041,1914
51-64,01C,UNA,647,422,370
51-64,02A,DEM,2240,1852,1737
51-64,02A,OTH,87,54,50
51-64,02A,REP,4172,3596,3393
51-64,02A,UNA,1498,1102,969
51-64,02B,DEM,1400,951,915
51-64,02B,OTH,39,23,15
51-64,02B,REP,1063,783,723
51-64,02B,UNA,606,330,296
51-64,03,DEM,5424,4435,4360
51-64,03,OTH,106,67,57
51-64,03,REP,2908,2340,2323
51-64,03,UNA,2203,1509,1490
51-64,04,DEM,4359,3766,3732
51-64,04,OTH,94,69,57
51-64,04,REP,5907,5114,5106
51-64,04,UNA,2694,2109,2019
51-64,05,DEM,3420,2958,2914
51-64,05,OTH,146,105,97
51-64,05,REP,6780,5945,5910
51-64,05,UNA,2381,1823,1788
51-64,06,DEM,4380,3073,3037
51-64,06,OTH,170,81,81
51-64,06,REP,3654,2920,2821
51-64,06,UNA,1656,948,906
51-64,07A,DEM,2913,2352,2334
51-64,07A,OTH,86,64,66
51-64,07A,REP,3258,2819,2709
51-64,07A,UNA,1256,904,859
51-64,07B,DEM,1221,1024,1026
51-64,07B,OTH,47,30,35
51-64,07B,REP,2283,1999,1998
51-64,07B,UNA,699,543,542
51-64,08,DEM,5849,4545,4534
51-64,08,OTH,120,80,74
51-64,08,REP,2491,1965,1911
51-64,08,UNA,1589,1011,969
51-64,09A,DEM,3733,3213,3248
51-64,09A,OTH,93,68,62
51-64,09A,REP,2936,2537,2570
51-64,09A,UNA,2022,1599,1613
51-64,09B,DEM,1841,1589,1598
51-64,09B,OTH,44,32,27
51-64,09B,REP,851,691,709
51-64,09B,UNA,874,692,683
51-64,10,DEM,8399,7029,7076
51-64,10,OTH,128,77,77
51-64,10,REP,1599,1314,1303
51-64,10,UNA,1505,1028,1031
51-64,11A,DEM,2583,2189,2185
51-64,11A,OTH,41,29,26
51-64,11A,REP,441,355,355
51-64,11A,UNA,483,326,331
51-64,11B,DEM,4234,3678,3613
51-64,11B,OTH,66,45,48
51-64,11B,REP,1893,1597,1579
51-64,11B,UNA,1254,895,888
51-64,12A,DEM,4621,3936,3884
51-64,12A,OTH,101,63,66
51-64,12A,REP,1579,1338,1326
51-64,12A,UNA,1514,1080,1117
51-64,12B,DEM,1743,1273,1290
51-64,12B,OTH,47,24,27
51-64,12B,REP,963,728,719
51-64,12B,UNA,630,365,369
51-64,13,DEM,6590,5695,5659
51-64,13,OTH,134,96,82
51-64,13,REP,2091,1720,1710
51-64,13,UNA,2168,1608,1643
51-64,14,DEM,7186,6066,6133
51-64,14,OTH,118,74,81
51-64,14,REP,2495,2050,2037
51-64,14,UNA,2298,1640,1643
51-64,15,DEM,7088,5971,6103
51-64,15,OTH,167,111,110
51-64,15,REP,2428,1945,1985
51-64,15,UNA,3396,2497,2509
51-64,16,DEM,7744,6790,6583
51-64,16,OTH,119,84,87
51-64,16,REP,1638,1313,1279
51-64,16,UNA,2681,2050,1937
51-64,17,DEM,5852,4806,4731
51-64,17,OTH,148,88,72
51-64,17,REP,1529,1162,1149
51-64,17,UNA,2352,1602,1556
51-64,18,DEM,6686,5687,5535
51-64,18,OTH,106,73,69
51-64,18,REP,1223,928,928
51-64,18,UNA,1809,1313,1254
51-64,19,DEM,6004,4900,4826
51-64,19,OTH,107,73,71
51-64,19,REP,1516,1198,1171
51-64,19,UNA,1982,1392,1382
51-64,20,DEM,6931,5635,5585
51-64,20,OTH,99,51,54
51-64,20,REP,720,528,484
51-64,20,UNA,1337,827,792
51-64,21,DEM,5925,4472,4466
51-64,21,OTH,226,81,77
51-64,21,REP,1260,927,935
51-64,21,UNA,1377,885,868
51-64,22,DEM,6826,4958,5028
51-64,22,OTH,226,61,64
51-64,22,REP,556,353,335
51-64,22,UNA,1080,623,602
51-64,23,DEM,12655,10429,10556
51-64,23,OTH,277,111,107
51-64,23,REP,1311,927,954
51-64,23,UNA,1722,1185,1187
51-64,24,DEM,11694,8648,8827
51-64,24,OTH,278,67,64
51-64,24,REP,550,323,330
51-64,24,UNA,1156,672,685
51-64,25,DEM,12954,9839,9984
51-64,25,OTH,246,71,79
51-64,25,REP,460,247,244
51-64,25,UNA,1059,622,606
51-64,26,DEM,11368,8395,8511
51-64,26,OTH,259,78,72
51-64,26,REP,683,390,400
51-64,26,UNA,1170,686,663
51-64,27A,DEM,3980,3315,3309
51-64,27A,OTH,54,28,29
51-64,27A,REP,669,521,538
51-64,27A,UNA,566,377,365
51-64,27B,DEM,3141,2603,2560
51-64,27B,OTH,80,36,34
51-64,27B,REP,1365,1161,1093
51-64,27B,UNA,775,558,508
51-64,27C,DEM,1674,1433,1369
51-64,27C,OTH,41,31,26
51-64,27C,REP,2245,1970,1823
51-64,27C,UNA,803,625,562
51-64,28,DEM,10073,8583,8492
51-64,28,OTH,130,83,71
51-64,28,REP,3068,2552,2514
51-64,28,UNA,2078,1462,1429
51-64,29A,DEM,1263,1029,992
51-64,29A,OTH,41,29,24
51-64,29A,REP,2324,2040,1939
51-64,29A,UNA,715,527,500
51-64,29B,DEM,1493,1141,1137
51-64,29B,OTH,34,19,16
51-64,29B,REP,1151,938,910
51-64,29B,UNA,561,394,356
51-64,29C,DEM,1450,1204,1150
51-64,29C,OTH,74,52,41
51-64,29C,REP,2208,1925,1769
51-64,29C,UNA,822,614,560
51-64,30A,DEM,3682,3188,3047
51-64,30A,OTH,78,54,51
51-64,30A,REP,2252,1898,1873
51-64,30A,UNA,1431,1088,1030
51-64,30B,DEM,1478,1296,1253
51-64,30B,OTH,39,28,27
51-64,30B,REP,1946,1672,1668
51-64,30B,UNA,928,703,670
51-64,31,DEM,4190,3433,3397
51-64,31,OTH,111,61,61
51-64,31,REP,5719,4839,4817
51-64,31,UNA,2460,1808,1762
51-64,32,DEM,6054,4805,4796
51-64,32,OTH,138,78,79
51-64,32,REP,2517,1941,1968
51-64,32,UNA,1864,1244,1207
51-64,33A,DEM,2006,1651,1696
51-64,33A,OTH,51,37,31
51-64,33A,REP,922,747,751
51-64,33A,UNA,772,563,556
51-64,33B,DEM,1686,1492,1475
51-64,33B,OTH,47,39,36
51-64,33B,REP,1858,1638,1608
51-64,33B,UNA,920,741,706
51-64,33C,DEM,1662,1470,1454
51-64,33C,OTH,49,39,35
51-64,33C,REP,1631,1416,1426
51-64,33C,UNA,831,675,647
51-64,34A,DEM,3933,3123,3178
51-64,34A,OTH,92,54,53
51-64,34A,REP,2469,1999,1957
51-64,34A,UNA,1415,935,908
51-64,34B,DEM,1382,1179,1167
51-64,34B,OTH,34,22,22
51-64,34B,REP,1995,1764,1711
51-64,34B,UNA,771,586,579
51-64,35A,DEM,2113,1857,1822
51-64,35A,OTH,100,70,66
51-64,35A,REP,5327,4799,4750
51-64,35A,UNA,1424,1126,1089
51-64,35B,DEM,1052,800,714
51-64,35B,OTH,49,34,29
51-64,35B,REP,2408,2081,1889
51-64,35B,UNA,746,505,394
51-64,36,DEM,2876,2195,1981
51-64,36,OTH,114,85,69
51-64,36,REP,4224,3604,3354
51-64,36,UNA,1679,1166,1030
51-64,37A,DEM,2021,1425,1431
51-64,37A,OTH,55,23,25
51-64,37A,REP,833,652,622
51-64,37A,UNA,459,273,264
51-64,37B,DEM,2876,2366,2292
51-64,37B,OTH,88,57,55
51-64,37B,REP,4270,3690,3597
51-64,37B,UNA,1457,1058,988
51-64,38A,DEM,1633,1247,1240
51-64,38A,OTH,42,25,24
51-64,38A,REP,1853,1578,1526
51-64,38A,UNA,625,409,377
51-64,38B,DEM,1379,1039,1015
51-64,38B,OTH,56,34,28
51-64,38B,REP,1050,843,847
51-64,38B,UNA,559,358,315
51-64,38C,DEM,1342,1057,1002
51-64,38C,OTH,78,56,55
51-64,38C,REP,2642,2233,2131
51-64,38C,UNA,901,625,589
51-64,39,DEM,6492,5166,5165
51-64,39,OTH,145,94,84
51-64,39,REP,1714,1323,1276
51-64,39,UNA,2304,1557,1526
51-64,40,DEM,7817,4650,4816
51-64,40,OTH,113,32,35
51-64,40,REP,525,254,250
51-64,40,UNA,900,366,366
51-64,41,DEM,8865,6371,6524
51-64,41,OTH,98,44,43
51-64,41,REP,635,374,374
51-64,41,UNA,889,461,454
51-64,42A,DEM,1409,1258,1246
51-64,42A,OTH,46,38,38
51-64,42A,REP,2092,1851,1897
51-64,42A,UNA,719,586,586
51-64,42B,DEM,1593,1321,1343
51-64,42B,OTH,44,33,31
51-64,42B,REP,991,850,826
51-64,42B,UNA,582,425,423
51-64,42C,DEM,1033,903,885
51-64,42C,OTH,41,28,25
51-64,42C,REP,2634,2308,2311
51-64,42C,UNA,743,567,545
51-64,43A,DEM,5678,4049,4137
51-64,43A,OTH,59,23,24
51-64,43A,REP,259,126,131
51-64,43A,UNA,576,303,298
51-64,43B,DEM,1794,1532,1547
51-64,43B,OTH,24,20,13
51-64,43B,REP,451,369,372
51-64,43B,UNA,397,294,293
51-64,44A,DEM,1416,1070,1069
51-64,44A,OTH,40,26,24
51-64,44A,REP,685,522,512
51-64,44A,UNA,477,307,289
51-64,44B,DEM,5516,4503,4573
51-64,44B,OTH,94,51,53
51-64,44B,REP,990,777,766
51-64,44B,UNA,915,611,605
51-64,45,DEM,9143,6279,6400
51-64,45,OTH,122,54,48
51-64,45,REP,628,309,322
51-64,45,UNA,933,454,435
51-64,46,DEM,4535,2864,2832
51-64,46,OTH,76,32,31
51-64,46,REP,855,464,458
51-64,46,UNA,987,452,434
51-64,47A,DEM,4294,2887,2875
51-64,47A,OTH,136,38,43
51-64,47A,REP,260,154,146
51-64,47A,UNA,560,306,284
51-64,47B,DEM,1029,667,666
51-64,47B,OTH,53,14,18
51-64,47B,REP,121,70,65
51-64,47B,UNA,194,88,72
51-64,36,DEM,747,586,561
51-64,36,OTH,66,48,40
51-64,36,REP,2363,2035,1996
51-64,36,UNA,813,610,585
51-64,01A,DEM,440,319,290
51-64,01A,OTH,47,28,26
51-64,01A,REP,2545,2069,1948
51-64,01A,UNA,444,293,260
51-64,01B,DEM,781,518,488
51-64,01B,OTH,61,34,35
51-64,01B,REP,2049,1600,1487
51-64,01B,UNA,626,368,312
51-64,01C,DEM,626,456,428
51-64,01C,OTH,39,25,16
51-64,01C,REP,2483,2051,1893
51-64,01C,UNA,615,413,387
51-64,02A,DEM,1482,1153,1083
51-64,02A,OTH,107,73,65
51-64,02A,REP,4413,3723,3456
51-64,02A,UNA,1537,1153,1013
51-64,02B,DEM,1050,631,595
51-64,02B,OTH,55,25,20
51-64,02B,REP,1069,730,678
51-64,02B,UNA,626,336,306
51-64,03,DEM,3686,2799,2731
51-64,03,OTH,157,91,82
51-64,03,REP,3170,2442,2448
51-64,03,UNA,2542,1797,1734
51-64,04,DEM,2869,2434,2334
51-64,04,OTH,160,106,105
51-64,04,REP,6438,5495,5412
51-64,04,UNA,3138,2446,2385
51-64,05,DEM,2144,1760,1748
51-64,05,OTH,208,142,146
51-64,05,REP,7099,6125,6053
51-64,05,UNA,2608,1997,1942
51-64,06,DEM,3249,2009,2032
51-64,06,OTH,155,78,67
51-64,06,REP,3905,2921,2772
51-64,06,UNA,1757,1007,948
51-64,07A,DEM,2013,1523,1505
51-64,07A,OTH,122,84,76
51-64,07A,REP,3278,2718,2641
51-64,07A,UNA,1417,1017,926
51-64,07B,DEM,820,661,656
51-64,07B,OTH,79,59,56
51-64,07B,REP,2359,2080,2040
51-64,07B,UNA,828,613,619
51-64,08,DEM,3850,2628,2646
51-64,08,OTH,163,91,85
51-64,08,REP,2614,1986,1888
51-64,08,UNA,1675,1072,992
51-64,09A,DEM,2668,2249,2248
51-64,09A,OTH,110,76,75
51-64,09A,REP,3205,2732,2726
51-64,09A,UNA,2457,2017,1960
51-64,09B,DEM,1338,1106,1111
51-64,09B,OTH,42,30,28
51-64,09B,REP,997,842,827
51-64,09B,UNA,1112,872,870
51-64,10,DEM,5411,4149,4211
51-64,10,OTH,159,94,86
51-64,10,REP,1792,1395,1375
51-64,10,UNA,1800,1233,1242
51-64,11A,DEM,1532,1179,1204
51-64,11A,OTH,43,20,21
51-64,11A,REP,477,374,365
51-64,11A,UNA,557,390,389
51-64,11B,DEM,2790,2261,2257
51-64,11B,OTH,95,60,61
51-64,11B,REP,1923,1620,1562
51-64,11B,UNA,1341,983,927
51-64,12A,DEM,2942,2418,2421
51-64,12A,OTH,98,72,71
51-64,12A,REP,1773,1465,1485
51-64,12A,UNA,1726,1289,1258
51-64,12B,DEM,1241,789,819
51-64,12B,OTH,60,24,29
51-64,12B,REP,1091,748,729
51-64,12B,UNA,676,377,361
51-64,13,DEM,4500,3666,3624
51-64,13,OTH,179,105,110
51-64,13,REP,2445,1991,1971
51-64,13,UNA,2761,2091,2038
51-64,14,DEM,4846,3898,3901
51-64,14,OTH,154,100,97
51-64,14,REP,2706,2163,2165
51-64,14,UNA,2690,2014,1989
51-64,15,DEM,4815,4023,4012
51-64,15,OTH,185,127,123
51-64,15,REP,2751,2237,2215
51-64,15,UNA,3918,2921,2915
51-64,16,DEM,5306,4640,4490
51-64,16,OTH,114,83,82
51-64,16,REP,2095,1655,1642
51-64,16,UNA,3175,2482,2334
51-64,17,DEM,3999,3129,3102
51-64,17,OTH,144,81,84
51-64,17,REP,1712,1245,1200
51-64,17,UNA,2588,1853,1804
51-64,18,DEM,4931,3975,3898
51-64,18,OTH,135,90,90
51-64,18,REP,1534,1162,1156
51-64,18,UNA,2247,1628,1530
51-64,19,DEM,3997,3079,3102
51-64,19,OTH,127,81,81
51-64,19,REP,1695,1285,1261
51-64,19,UNA,2326,1603,1545
51-64,20,DEM,5045,3897,3798
51-64,20,OTH,146,80,78
51-64,20,REP,934,658,618
51-64,20,UNA,1877,1217,1166
51-64,21,DEM,4251,2937,2983
51-64,21,OTH,311,100,97
51-64,21,REP,1593,1114,1066
51-64,21,UNA,1666,1042,1001
51-64,22,DEM,4926,3111,3266
51-64,22,OTH,270,87,89
51-64,22,REP,695,390,368
51-64,22,UNA,1336,723,732
51-64,23,DEM,8617,6638,6821
51-64,23,OTH,306,134,144
51-64,23,REP,1491,1009,1026
51-64,23,UNA,2074,1387,1404
51-64,24,DEM,8217,5257,5437
51-64,24,OTH,297,83,91
51-64,24,REP,661,356,356
51-64,24,UNA,1512,829,862
51-64,25,DEM,8888,5874,6104
51-64,25,OTH,276,72,72
51-64,25,REP,583,300,303
51-64,25,UNA,1428,787,776
51-64,26,DEM,8439,5432,5637
51-64,26,OTH,302,85,85
51-64,26,REP,751,405,395
51-64,26,UNA,1644,823,866
51-64,27A,DEM,2866,2227,2243
51-64,27A,OTH,64,22,26
51-64,27A,REP,723,548,548
51-64,27A,UNA,702,442,439
51-64,27B,DEM,2225,1691,1670
51-64,27B,OTH,103,50,41
51-64,27B,REP,1409,1162,1062
51-64,27B,UNA,858,614,553
51-64,27C,DEM,1162,904,866
51-64,27C,OTH,63,45,38
51-64,27C,REP,2323,2009,1805
51-64,27C,UNA,829,648,582
51-64,28,DEM,7184,5603,5632
51-64,28,OTH,150,94,90
51-64,28,REP,3170,2538,2510
51-64,28,UNA,2287,1583,1534
51-64,29A,DEM,961,681,672
51-64,29A,OTH,63,40,42
51-64,29A,REP,2408,2072,1948
51-64,29A,UNA,778,586,525
51-64,29B,DEM,970,687,699
51-64,29B,OTH,52,36,34
51-64,29B,REP,1257,1006,987
51-64,29B,UNA,666,458,445
51-64,29C,DEM,950,780,710
51-64,29C,OTH,52,38,35
51-64,29C,REP,2400,2078,1907
51-64,29C,UNA,866,662,587
51-64,30A,DEM,2303,1819,1757
51-64,30A,OTH,101,70,56
51-64,30A,REP,2377,1933,1864
51-64,30A,UNA,1631,1193,1158
51-64,30B,DEM,954,763,727
51-64,30B,OTH,49,35,32
51-64,30B,REP,2071,1745,1715
51-64,30B,UNA,925,696,665
51-64,31,DEM,2959,2274,2277
51-64,31,OTH,169,117,107
51-64,31,REP,5992,4954,4939
51-64,31,UNA,2597,1909,1857
51-64,32,DEM,4066,2893,2900
51-64,32,OTH,145,80,75
51-64,32,REP,2732,2042,2043
51-64,32,UNA,2112,1365,1364
51-64,33A,DEM,1167,935,932
51-64,33A,OTH,47,39,35
51-64,33A,REP,1024,829,831
51-64,33A,UNA,854,628,609
51-64,33B,DEM,1165,988,965
51-64,33B,OTH,70,49,47
51-64,33B,REP,1999,1700,1676
51-64,33B,UNA,1105,882,855
51-64,33C,DEM,1063,919,895
51-64,33C,OTH,55,44,41
51-64,33C,REP,1781,1510,1511
51-64,33C,UNA,1027,810,796
51-64,34A,DEM,2795,2040,2093
51-64,34A,OTH,148,77,76
51-64,34A,REP,2538,2014,1972
51-64,34A,UNA,1425,951,917
51-64,34B,DEM,909,708,722
51-64,34B,OTH,55,41,42
51-64,34B,REP,1999,1724,1704
51-64,34B,UNA,831,626,611
51-64,35A,DEM,1341,1100,1091
51-64,35A,OTH,107,73,74
51-64,35A,REP,5346,4746,4653
51-64,35A,UNA,1604,1247,1224
51-64,35B,DEM,815,548,496
51-64,35B,OTH,73,50,44
51-64,35B,REP,2399,2001,1787
51-64,35B,UNA,739,471,397
51-64,36,DEM,1951,1372,1254
51-64,36,OTH,137,74,75
51-64,36,REP,4451,3697,3351
51-64,36,UNA,1635,1074,979
51-64,37A,DEM,1469,820,829
51-64,37A,OTH,58,23,24
51-64,37A,REP,820,600,591
51-64,37A,UNA,499,254,252
51-64,37B,DEM,1915,1443,1349
51-64,37B,OTH,121,79,73
51-64,37B,REP,4269,3641,3457
51-64,37B,UNA,1431,986,940
51-64,38A,DEM,1075,703,717
51-64,38A,OTH,62,40,31
51-64,38A,REP,1947,1605,1531
51-64,38A,UNA,581,368,339
51-64,38B,DEM,976,661,623
51-64,38B,OTH,37,22,19
51-64,38B,REP,1008,799,749
51-64,38B,UNA,501,327,313
51-64,38C,DEM,876,615,602
51-64,38C,OTH,106,71,56
51-64,38C,REP,2763,2248,2120
51-64,38C,UNA,969,685,620
51-64,39,DEM,4474,3379,3394
51-64,39,OTH,142,83,73
51-64,39,REP,1807,1357,1329
51-64,39,UNA,2690,1852,1793
51-64,40,DEM,6804,3222,3374
51-64,40,OTH,187,67,61
51-64,40,REP,800,334,342
51-64,40,UNA,1291,521,487
51-64,41,DEM,6754,4097,4224
51-64,41,OTH,126,49,50
51-64,41,REP,781,429,425
51-64,41,UNA,1211,549,556
51-64,42A,DEM,888,757,751
51-64,42A,OTH,58,42,41
51-64,42A,REP,2201,1919,1928
51-64,42A,UNA,854,692,697
51-64,42B,DEM,1102,860,844
51-64,42B,OTH,47,31,28
51-64,42B,REP,1029,858,838
51-64,42B,UNA,650,485,467
51-64,42C,DEM,615,507,489
51-64,42C,OTH,57,37,31
51-64,42C,REP,2773,2380,2375
51-64,42C,UNA,761,588,574
51-64,43A,DEM,4289,2521,2586
51-64,43A,OTH,98,41,32
51-64,43A,REP,372,175,166
51-64,43A,UNA,800,360,376
51-64,43B,DEM,1169,953,966
51-64,43B,OTH,40,31,31
51-64,43B,REP,563,441,440
51-64,43B,UNA,515,383,384
51-64,44A,DEM,1033,701,701
51-64,44A,OTH,55,31,30
51-64,44A,REP,796,576,559
51-64,44A,UNA,532,317,317
51-64,44B,DEM,3824,2748,2767
51-64,44B,OTH,113,52,51
51-64,44B,REP,1106,838,792
51-64,44B,UNA,1120,694,681
51-64,45,DEM,6507,3515,3587
51-64,45,OTH,163,63,66
51-64,45,REP,880,410,410
51-64,45,UNA,1135,475,493
51-64,46,DEM,3903,2154,2133
51-64,46,OTH,140,50,53
51-64,46,REP,1179,596,581
51-64,46,UNA,1368,605,553
51-64,47A,DEM,3364,1931,1961
51-64,47A,OTH,168,58,49
51-64,47A,REP,348,187,177
51-64,47A,UNA,719,350,312
51-64,47B,DEM,918,529,515
51-64,47B,OTH,59,12,12
51-64,47B,REP,145,70,57
51-64,47B,UNA,242,112,102
65+,36,DEM,2028,1707,1647
65+,36,OTH,46,36,33
65+,36,REP,2355,2049,2048
65+,36,UNA,584,469,432
65+,01A,DEM,1326,1051,1039
65+,01A,OTH,39,29,29
65+,01A,REP,3233,2713,2705
65+,01A,UNA,369,295,259
65+,01B,DEM,1913,1445,1446
65+,01B,OTH,48,32,34
65+,01B,REP,2946,2414,2416
65+,01B,UNA,496,340,319
65+,01C,DEM,1499,1159,1140
65+,01C,OTH,36,20,23
65+,01C,REP,2732,2320,2266
65+,01C,UNA,513,343,329
65+,02A,DEM,3233,2605,2575
65+,02A,OTH,80,59,59
65+,02A,REP,4524,3895,3764
65+,02A,UNA,1119,827,781
65+,02B,DEM,1465,1113,1111
65+,02B,OTH,20,12,10
65+,02B,REP,1201,937,929
65+,02B,UNA,419,262,266
65+,03,DEM,5883,4809,4723
65+,03,OTH,78,56,51
65+,03,REP,3250,2536,2564
65+,03,UNA,1618,1140,1104
65+,04,DEM,5266,4478,4427
65+,04,OTH,76,50,53
65+,04,REP,5645,4840,4823
65+,04,UNA,1890,1488,1435
65+,05,DEM,4854,4066,4135
65+,05,OTH,116,80,87
65+,05,REP,6979,6024,6119
65+,05,UNA,1692,1261,1265
65+,06,DEM,5535,3792,4051
65+,06,OTH,119,75,74
65+,06,REP,4023,3245,3292
65+,06,UNA,1130,669,650
65+,07A,DEM,4838,3940,4047
65+,07A,OTH,92,65,71
65+,07A,REP,4529,3893,3974
65+,07A,UNA,1111,841,812
65+,07B,DEM,1879,1600,1633
65+,07B,OTH,64,45,49
65+,07B,REP,2654,2340,2367
65+,07B,UNA,577,471,455
65+,08,DEM,6139,4728,4881
65+,08,OTH,102,61,68
65+,08,REP,3179,2524,2592
65+,08,UNA,1105,724,743
65+,09A,DEM,3965,3348,3357
65+,09A,OTH,87,61,63
65+,09A,REP,2861,2414,2480
65+,09A,UNA,1330,1003,989
65+,09B,DEM,2549,2166,2183
65+,09B,OTH,46,35,35
65+,09B,REP,1170,942,975
65+,09B,UNA,722,539,537
65+,10,DEM,9063,7586,7847
65+,10,OTH,114,80,93
65+,10,REP,2006,1623,1697
65+,10,UNA,1040,732,757
65+,11A,DEM,2863,2387,2436
65+,11A,OTH,42,28,37
65+,11A,REP,483,362,388
65+,11A,UNA,345,231,231
65+,11B,DEM,7890,6834,6975
65+,11B,OTH,116,89,95
65+,11B,REP,2950,2442,2518
65+,11B,UNA,1239,942,950
65+,12A,DEM,5133,4313,4362
65+,12A,OTH,80,59,62
65+,12A,REP,1446,1147,1174
65+,12A,UNA,1044,780,755
65+,12B,DEM,1956,1403,1464
65+,12B,OTH,32,12,16
65+,12B,REP,1118,818,869
65+,12B,UNA,456,270,278
65+,13,DEM,6412,5312,5387
65+,13,OTH,88,57,57
65+,13,REP,2074,1659,1724
65+,13,UNA,1572,1132,1134
65+,14,DEM,8923,7452,7557
65+,14,OTH,111,64,76
65+,14,REP,2894,2281,2378
65+,14,UNA,1941,1345,1396
65+,15,DEM,7119,5833,5966
65+,15,OTH,142,81,95
65+,15,REP,2421,1827,1927
65+,15,UNA,2432,1583,1692
65+,16,DEM,11440,9913,9715
65+,16,OTH,136,88,98
65+,16,REP,2357,1802,1827
65+,16,UNA,2580,1884,1871
65+,17,DEM,7920,6314,6352
65+,17,OTH,117,76,71
65+,17,REP,1979,1397,1469
65+,17,UNA,2111,1316,1390
65+,18,DEM,8351,6778,6767
65+,18,OTH,102,64,72
65+,18,REP,1538,1122,1174
65+,18,UNA,1548,1034,1059
65+,19,DEM,10426,8494,8495
65+,19,OTH,132,83,96
65+,19,REP,2680,2036,2072
65+,19,UNA,2288,1553,1561
65+,20,DEM,7912,6384,6419
65+,20,OTH,71,35,44
65+,20,REP,922,629,655
65+,20,UNA,1149,739,753
65+,21,DEM,7431,5638,5702
65+,21,OTH,199,86,91
65+,21,REP,1805,1275,1352
65+,21,UNA,1211,796,798
65+,22,DEM,7646,5541,5823
65+,22,OTH,185,64,77
65+,22,REP,768,503,509
65+,22,UNA,773,485,499
65+,23,DEM,10946,8684,8959
65+,23,OTH,234,109,112
65+,23,REP,1737,1228,1351
65+,23,UNA,1057,699,722
65+,24,DEM,13433,10042,10413
65+,24,OTH,228,74,82
65+,24,REP,684,423,462
65+,24,UNA,729,396,417
65+,25,DEM,13466,10087,10591
65+,25,OTH,182,52,55
65+,25,REP,569,338,380
65+,25,UNA,564,307,337
65+,26,DEM,14196,10585,11176
65+,26,OTH,232,72,84
65+,26,REP,947,566,605
65+,26,UNA,805,446,476
65+,27A,DEM,2835,2199,2254
65+,27A,OTH,42,17,19
65+,27A,REP,667,504,520
65+,27A,UNA,284,184,185
65+,27B,DEM,3062,2432,2449
65+,27B,OTH,67,33,37
65+,27B,REP,1360,1068,1077
65+,27B,UNA,468,366,339
65+,27C,DEM,2066,1753,1739
65+,27C,OTH,26,19,23
65+,27C,REP,1774,1542,1482
65+,27C,UNA,458,359,329
65+,28,DEM,7839,6256,6396
65+,28,OTH,71,36,40
65+,28,REP,2989,2432,2494
65+,28,UNA,1129,763,763
65+,29A,DEM,1736,1387,1400
65+,29A,OTH,33,22,20
65+,29A,REP,1883,1620,1582
65+,29A,UNA,439,319,315
65+,29B,DEM,1443,1118,1173
65+,29B,OTH,28,16,16
65+,29B,REP,910,744,746
65+,29B,UNA,352,247,232
65+,29C,DEM,1927,1623,1581
65+,29C,OTH,41,29,24
65+,29C,REP,1873,1593,1502
65+,29C,UNA,580,432,391
65+,30A,DEM,6215,5387,5351
65+,30A,OTH,76,56,60
65+,30A,REP,3083,2560,2648
65+,30A,UNA,1567,1284,1231
65+,30B,DEM,2253,1899,1930
65+,30B,OTH,50,38,35
65+,30B,REP,1882,1585,1607
65+,30B,UNA,693,545,532
65+,31,DEM,4973,3981,4059
65+,31,OTH,82,57,57
65+,31,REP,5396,4495,4591
65+,31,UNA,1588,1187,1188
65+,32,DEM,5122,3899,4025
65+,32,OTH,88,54,57
65+,32,REP,2688,2087,2174
65+,32,UNA,1188,749,774
65+,33A,DEM,1702,1390,1391
65+,33A,OTH,30,19,19
65+,33A,REP,950,766,785
65+,33A,UNA,514,379,383
65+,33B,DEM,2099,1828,1857
65+,33B,OTH,28,20,19
65+,33B,REP,1965,1672,1721
65+,33B,UNA,645,534,536
65+,33C,DEM,2223,1932,1952
65+,33C,OTH,38,27,27
65+,33C,REP,1733,1487,1514
65+,33C,UNA,653,535,519
65+,34A,DEM,3978,3184,3257
65+,34A,OTH,82,54,49
65+,34A,REP,2538,2108,2129
65+,34A,UNA,972,705,677
65+,34B,DEM,1976,1628,1645
65+,34B,OTH,40,30,28
65+,34B,REP,2287,1996,2018
65+,34B,UNA,607,476,474
65+,35A,DEM,3233,2745,2808
65+,35A,OTH,80,61,58
65+,35A,REP,5316,4723,4769
65+,35A,UNA,1120,898,905
65+,35B,DEM,1426,1068,1033
65+,35B,OTH,38,27,27
65+,35B,REP,2105,1779,1685
65+,35B,UNA,512,359,337
65+,36,DEM,4691,3805,3721
65+,36,OTH,101,68,65
65+,36,REP,4577,3885,3766
65+,36,UNA,1409,1029,956
65+,37A,DEM,2596,1920,1986
65+,37A,OTH,29,14,19
65+,37A,REP,990,786,808
65+,37A,UNA,354,188,205
65+,37B,DEM,5601,4635,4668
65+,37B,OTH,107,79,79
65+,37B,REP,5720,4967,4973
65+,37B,UNA,1553,1209,1132
65+,38A,DEM,2499,1959,2035
65+,38A,OTH,60,43,41
65+,38A,REP,2338,1995,1985
65+,38A,UNA,527,387,361
65+,38B,DEM,1988,1612,1628
65+,38B,OTH,41,28,27
65+,38B,REP,1758,1485,1484
65+,38B,UNA,513,375,345
65+,38C,DEM,2788,2282,2256
65+,38C,OTH,93,72,73
65+,38C,REP,3704,3121,3155
65+,38C,UNA,954,721,712
65+,39,DEM,5850,4516,4641
65+,39,OTH,116,66,61
65+,39,REP,1737,1277,1313
65+,39,UNA,1584,1006,1007
65+,40,DEM,9288,5707,6278
65+,40,OTH,50,22,21
65+,40,REP,534,285,304
65+,40,UNA,502,202,228
65+,41,DEM,13165,9677,10213
65+,41,OTH,63,31,35
65+,41,REP,878,568,589
65+,41,UNA,764,398,411
65+,42A,DEM,2533,2237,2255
65+,42A,OTH,73,54,55
65+,42A,REP,2506,2173,2254
65+,42A,UNA,739,606,604
65+,42B,DEM,2292,1916,1990
65+,42B,OTH,50,36,38
65+,42B,REP,1476,1222,1287
65+,42B,UNA,499,376,394
65+,42C,DEM,1458,1233,1241
65+,42C,OTH,36,29,28
65+,42C,REP,2602,2267,2288
65+,42C,UNA,575,441,427
65+,43A,DEM,8025,5965,6288
65+,43A,OTH,43,22,21
65+,43A,REP,353,213,224
65+,43A,UNA,445,257,267
65+,43B,DEM,2424,2047,2104
65+,43B,OTH,36,26,26
65+,43B,REP,728,575,613
65+,43B,UNA,341,245,261
65+,44A,DEM,2286,1852,1887
65+,44A,OTH,66,39,48
65+,44A,REP,1164,922,933
65+,44A,UNA,402,267,268
65+,44B,DEM,7247,6019,6295
65+,44B,OTH,63,48,49
65+,44B,REP,1196,974,1012
65+,44B,UNA,611,396,411
65+,45,DEM,9908,6725,7241
65+,45,OTH,63,34,31
65+,45,REP,775,458,500
65+,45,UNA,503,244,254
65+,46,DEM,5006,3085,3206
65+,46,OTH,49,20,20
65+,46,REP,830,495,532
65+,46,UNA,526,266,271
65+,47A,DEM,5559,3829,4118
65+,47A,OTH,109,37,37
65+,47A,REP,313,193,208
65+,47A,UNA,325,179,200
65+,47B,DEM,1502,1035,1093
65+,47B,OTH,49,9,10
65+,47B,REP,143,79,84
65+,47B,UNA,147,84,67
65+,36,DEM,1352,1136,1090
65+,36,OTH,44,30,31
65+,36,REP,2331,2048,2029
65+,36,UNA,683,563,514
65+,01A,DEM,876,715,693
65+,01A,OTH,38,30,29
65+,01A,REP,2884,2501,2443
65+,01A,UNA,443,353,323
65+,01B,DEM,1221,978,946
65+,01B,OTH,52,35,33
65+,01B,REP,2427,2089,1987
65+,01B,UNA,540,395,377
65+,01C,DEM,968,752,740
65+,01C,OTH,35,20,23
65+,01C,REP,2405,2118,2032
65+,01C,UNA,523,385,359
65+,02A,DEM,2200,1850,1774
65+,02A,OTH,65,48,46
65+,02A,REP,4171,3660,3497
65+,02A,UNA,1190,953,896
65+,02B,DEM,970,719,700
65+,02B,OTH,30,13,13
65+,02B,REP,975,764,724
65+,02B,UNA,390,260,244
65+,03,DEM,3570,2947,2840
65+,03,OTH,63,46,42
65+,03,REP,2760,2193,2213
65+,03,UNA,1543,1150,1110
65+,04,DEM,3534,3053,2974
65+,04,OTH,81,56,52
65+,04,REP,5733,4990,4956
65+,04,UNA,2217,1798,1738
65+,05,DEM,3080,2646,2674
65+,05,OTH,135,103,105
65+,05,REP,6120,5392,5420
65+,05,UNA,1739,1422,1411
65+,06,DEM,3663,2653,2717
65+,06,OTH,115,75,69
65+,06,REP,3688,2965,2967
65+,06,UNA,1213,776,790
65+,07A,DEM,3093,2569,2597
65+,07A,OTH,107,84,85
65+,07A,REP,3852,3387,3366
65+,07A,UNA,1172,940,907
65+,07B,DEM,1220,1070,1079
65+,07B,OTH,45,40,37
65+,07B,REP,2462,2231,2238
65+,07B,UNA,644,546,549
65+,08,DEM,3794,2887,2952
65+,08,OTH,117,83,81
65+,08,REP,2735,2191,2195
65+,08,UNA,1129,798,780
65+,09A,DEM,2998,2510,2565
65+,09A,OTH,86,67,71
65+,09A,REP,2969,2582,2660
65+,09A,UNA,1661,1333,1312
65+,09B,DEM,1662,1423,1445
65+,09B,OTH,48,32,30
65+,09B,REP,1060,908,928
65+,09B,UNA,755,578,580
65+,10,DEM,5691,4731,4865
65+,10,OTH,116,77,84
65+,10,REP,1923,1582,1606
65+,10,UNA,1212,896,907
65+,11A,DEM,1543,1299,1320
65+,11A,OTH,29,22,21
65+,11A,REP,494,410,421
65+,11A,UNA,363,261,256
65+,11B,DEM,4925,4337,4297
65+,11B,OTH,127,99,96
65+,11B,REP,2504,2125,2164
65+,11B,UNA,1336,1037,1047
65+,12A,DEM,3184,2692,2733
65+,12A,OTH,78,54,57
65+,12A,REP,1391,1142,1185
65+,12A,UNA,1214,949,953
65+,12B,DEM,1249,860,900
65+,12B,OTH,38,17,20
65+,12B,REP,983,753,763
65+,12B,UNA,412,258,265
65+,13,DEM,4376,3671,3725
65+,13,OTH,100,71,68
65+,13,REP,2197,1834,1844
65+,13,UNA,1786,1363,1347
65+,14,DEM,6256,5276,5357
65+,14,OTH,110,79,80
65+,14,REP,3002,2500,2540
65+,14,UNA,2359,1737,1780
65+,15,DEM,5334,4461,4570
65+,15,OTH,125,76,88
65+,15,REP,2622,2084,2151
65+,15,UNA,2737,1913,2036
65+,16,DEM,7841,6855,6760
65+,16,OTH,122,86,91
65+,16,REP,2181,1701,1750
65+,16,UNA,2866,2193,2137
65+,17,DEM,4996,4041,4020
65+,17,OTH,104,60,69
65+,17,REP,1798,1315,1370
65+,17,UNA,2195,1482,1495
65+,18,DEM,5737,4707,4736
65+,18,OTH,118,72,73
65+,18,REP,1555,1166,1201
65+,18,UNA,1741,1249,1244
65+,19,DEM,6449,5212,5167
65+,19,OTH,133,80,90
65+,19,REP,2445,1913,1919
65+,19,UNA,2346,1663,1676
65+,20,DEM,5366,4325,4332
65+,20,OTH,78,42,47
65+,20,REP,956,672,687
65+,20,UNA,1372,934,946
65+,21,DEM,4543,3366,3370
65+,21,OTH,255,110,119
65+,21,REP,1736,1220,1270
65+,21,UNA,1312,874,892
65+,22,DEM,5149,3504,3675
65+,22,OTH,250,87,108
65+,22,REP,827,544,550
65+,22,UNA,908,568,579
65+,23,DEM,7083,5528,5748
65+,23,OTH,251,109,113
65+,23,REP,1637,1172,1244
65+,23,UNA,1164,840,851
65+,24,DEM,8439,5767,6082
65+,24,OTH,247,70,77
65+,24,REP,652,386,427
65+,24,UNA,876,516,527
65+,25,DEM,8230,5800,6082
65+,25,OTH,171,42,54
65+,25,REP,553,291,320
65+,25,UNA,682,386,428
65+,26,DEM,9331,6560,6922
65+,26,OTH,276,84,91
65+,26,REP,868,535,573
65+,26,UNA,939,579,620
65+,27A,DEM,1914,1456,1512
65+,27A,OTH,41,27,23
65+,27A,REP,689,545,555
65+,27A,UNA,383,260,254
65+,27B,DEM,2174,1677,1684
65+,27B,OTH,72,39,41
65+,27B,REP,1203,987,934
65+,27B,UNA,545,417,403
65+,27C,DEM,1452,1197,1169
65+,27C,OTH,47,34,32
65+,27C,REP,1797,1579,1508
65+,27C,UNA,547,443,416
65+,28,DEM,4893,3910,3968
65+,28,OTH,101,70,74
65+,28,REP,2834,2341,2363
65+,28,UNA,1256,932,937
65+,29A,DEM,1313,1069,1035
65+,29A,OTH,33,24,18
65+,29A,REP,1850,1624,1546
65+,29A,UNA,467,358,352
65+,29B,DEM,921,729,727
65+,29B,OTH,27,24,22
65+,29B,REP,914,774,779
65+,29B,UNA,347,259,248
65+,29C,DEM,1349,1130,1081
65+,29C,OTH,42,28,30
65+,29C,REP,1854,1623,1526
65+,29C,UNA,640,519,460
65+,30A,DEM,3857,3274,3261
65+,30A,OTH,72,54,50
65+,30A,REP,2787,2359,2360
65+,30A,UNA,1618,1327,1294
65+,30B,DEM,1548,1325,1299
65+,30B,OTH,41,31,34
65+,30B,REP,1926,1641,1642
65+,30B,UNA,750,588,581
65+,31,DEM,3410,2704,2773
65+,31,OTH,89,59,58
65+,31,REP,5024,4275,4330
65+,31,UNA,1767,1376,1402
65+,32,DEM,3402,2545,2684
65+,32,OTH,86,47,51
65+,32,REP,2545,1997,2086
65+,32,UNA,1278,870,919
65+,33A,DEM,908,719,719
65+,33A,OTH,24,17,18
65+,33A,REP,760,615,637
65+,33A,UNA,443,320,325
65+,33B,DEM,1457,1262,1289
65+,33B,OTH,40,34,33
65+,33B,REP,1986,1682,1715
65+,33B,UNA,852,723,735
65+,33C,DEM,1452,1277,1282
65+,33C,OTH,38,29,32
65+,33C,REP,1656,1457,1481
65+,33C,UNA,739,605,608
65+,34A,DEM,2567,2081,2093
65+,34A,OTH,74,50,52
65+,34A,REP,2322,1979,1968
65+,34A,UNA,1044,823,786
65+,34B,DEM,1195,993,1012
65+,34B,OTH,35,31,31
65+,34B,REP,1888,1676,1669
65+,34B,UNA,593,491,479
65+,35A,DEM,2210,1893,1932
65+,35A,OTH,74,62,62
65+,35A,REP,4810,4368,4381
65+,35A,UNA,1196,1029,1008
65+,35B,DEM,1053,791,733
65+,35B,OTH,47,31,29
65+,35B,REP,1967,1720,1583
65+,35B,UNA,559,409,364
65+,36,DEM,3146,2565,2454
65+,36,OTH,99,72,68
65+,36,REP,4326,3769,3575
65+,36,UNA,1439,1120,1006
65+,37A,DEM,1652,1137,1182
65+,37A,OTH,18,8,10
65+,37A,REP,843,696,685
65+,37A,UNA,313,179,166
65+,37B,DEM,3696,3135,3073
65+,37B,OTH,113,81,86
65+,37B,REP,5426,4795,4705
65+,37B,UNA,1680,1349,1270
65+,38A,DEM,1624,1220,1248
65+,38A,OTH,51,33,35
65+,38A,REP,2181,1897,1869
65+,38A,UNA,593,430,409
65+,38B,DEM,1258,992,989
65+,38B,OTH,32,24,25
65+,38B,REP,1351,1169,1146
65+,38B,UNA,458,351,330
65+,38C,DEM,1818,1485,1462
65+,38C,OTH,99,73,69
65+,38C,REP,3478,2948,2939
65+,38C,UNA,1091,848,851
65+,39,DEM,4054,3113,3194
65+,39,OTH,111,76,77
65+,39,REP,1808,1335,1356
65+,39,UNA,1840,1221,1278
65+,40,DEM,6429,3460,3695
65+,40,OTH,70,33,28
65+,40,REP,587,291,288
65+,40,UNA,675,293,308
65+,41,DEM,7824,5345,5556
65+,41,OTH,72,36,39
65+,41,REP,881,581,558
65+,41,UNA,858,459,456
65+,42A,DEM,1754,1557,1590
65+,42A,OTH,79,67,67
65+,42A,REP,2416,2161,2190
65+,42A,UNA,816,686,695
65+,42B,DEM,1469,1268,1276
65+,42B,OTH,46,33,33
65+,42B,REP,1260,1093,1095
65+,42B,UNA,564,431,447
65+,42C,DEM,1017,861,869
65+,42C,OTH,50,43,41
65+,42C,REP,2467,2212,2208
65+,42C,UNA,569,468,461
65+,43A,DEM,4868,3292,3429
65+,43A,OTH,55,28,27
65+,43A,REP,365,205,220
65+,43A,UNA,509,280,297
65+,43B,DEM,1412,1209,1234
65+,43B,OTH,24,16,17
65+,43B,REP,605,516,530
65+,43B,UNA,338,263,260
65+,44A,DEM,1363,1088,1088
65+,44A,OTH,36,23,25
65+,44A,REP,948,761,766
65+,44A,UNA,408,284,277
65+,44B,DEM,4500,3622,3723
65+,44B,OTH,85,52,54
65+,44B,REP,1102,863,897
65+,44B,UNA,738,503,518
65+,45,DEM,6195,3793,3987
65+,45,OTH,71,33,29
65+,45,REP,758,458,451
65+,45,UNA,669,332,338
65+,46,DEM,3852,2291,2342
65+,46,OTH,56,29,31
65+,46,REP,893,524,549
65+,46,UNA,739,349,348
65+,47A,DEM,3728,2287,2466
65+,47A,OTH,139,46,50
65+,47A,REP,326,198,201
65+,47A,UNA,440,236,250
65+,47B,DEM,1096,674,720
65+,47B,OTH,65,23,24
65+,47B,REP,158,95,97
65+,47B,UNA,178,89,89
