age_bracket,Legislative,Party,Count,voted_2024
18-24,36,DEM,454,274
18-24,36,OTH,33,14
18-24,36,REP,576,360
18-24,36,UNA,568,227
18-24,01A,DEM,308,202
18-24,01A,OTH,43,17
18-24,01A,REP,769,431
18-24,01A,UNA,421,178
18-24,01B,DEM,419,254
18-24,01B,OTH,49,25
18-24,01B,REP,544,321
18-24,01B,UNA,558,226
18-24,01C,DEM,350,197
18-24,01C,OTH,52,19
18-24,01C,REP,648,419
18-24,01C,UNA,567,238
18-24,02A,DEM,1112,678
18-24,02A,OTH,87,41
18-24,02A,REP,1072,668
18-24,02A,UNA,1329,595
18-24,02B,DEM,691,344
18-24,02B,OTH,61,20
18-24,02B,REP,223,98
18-24,02B,UNA,676,214
18-24,03,DEM,2779,1701
18-24,03,OTH,141,61
18-24,03,REP,581,333
18-24,03,UNA,2050,912
18-24,04,DEM,2216,1412
18-24,04,OTH,126,48
18-24,04,REP,1614,1015
18-24,04,UNA,2341,1077
18-24,05,DEM,1807,1189
18-24,05,OTH,99,39
18-24,05,REP,1839,1197
18-24,05,UNA,2123,1009
18-24,06,DEM,1921,1049
18-24,06,OTH,182,57
18-24,06,REP,729,451
18-24,06,UNA,1704,622
18-24,07A,DEM,1408,907
18-24,07A,OTH,72,26
18-24,07A,REP,701,447
18-24,07A,UNA,1128,535
18-24,07B,DEM,547,319
18-24,07B,OTH,46,16
18-24,07B,REP,578,370
18-24,07B,UNA,682,320
18-24,08,DEM,2801,1726
18-24,08,OTH,135,47
18-24,08,REP,487,304
18-24,08,UNA,1434,620
18-24,09A,DEM,2280,1448
18-24,09A,OTH,66,24
18-24,09A,REP,780,472
18-24,09A,UNA,1790,795
18-24,09B,DEM,1133,735
18-24,09B,OTH,26,12
18-24,09B,REP,156,94
18-24,09B,UNA,684,330
18-24,10,DEM,3418,2165
18-24,10,OTH,130,43
18-24,10,REP,344,197
18-24,10,UNA,1244,596
18-24,11A,DEM,1119,722
18-24,11A,OTH,35,10
18-24,11A,REP,119,70
18-24,11A,UNA,434,206
18-24,11B,DEM,1907,1215
18-24,11B,OTH,55,29
18-24,11B,REP,615,351
18-24,11B,UNA,956,428
18-24,12A,DEM,2099,1377
18-24,12A,OTH,81,34
18-24,12A,REP,305,183
18-24,12A,UNA,1209,592
18-24,12B,DEM,748,427
18-24,12B,OTH,59,24
18-24,12B,REP,216,137
18-24,12B,UNA,514,208
18-24,13,DEM,3342,2187
18-24,13,OTH,121,51
18-24,13,REP,372,216
18-24,13,UNA,1802,872
18-24,14,DEM,3290,2185
18-24,14,OTH,140,59
18-24,14,REP,561,354
18-24,14,UNA,1936,951
18-24,15,DEM,3792,2263
18-24,15,OTH,99,39
18-24,15,REP,476,259
18-24,15,UNA,2299,952
18-24,16,DEM,3773,2260
18-24,16,OTH,61,28
18-24,16,REP,433,251
18-24,16,UNA,1568,622
18-24,17,DEM,2719,1677
18-24,17,OTH,84,41
18-24,17,REP,288,163
18-24,17,UNA,1488,657
18-24,18,DEM,3278,1985
18-24,18,OTH,100,41
18-24,18,REP,310,177
18-24,18,UNA,1345,628
18-24,19,DEM,2739,1742
18-24,19,OTH,107,36
18-24,19,REP,352,201
18-24,19,UNA,1503,729
18-24,20,DEM,2936,1864
18-24,20,OTH,82,28
18-24,20,REP,142,73
18-24,20,UNA,1092,509
18-24,21,DEM,2925,1953
18-24,21,OTH,111,55
18-24,21,REP,284,186
18-24,21,UNA,1422,683
18-24,22,DEM,2923,1728
18-24,22,OTH,131,43
18-24,22,REP,166,93
18-24,22,UNA,1266,513
18-24,23,DEM,4163,2739
18-24,23,OTH,118,48
18-24,23,REP,220,130
18-24,23,UNA,1454,696
18-24,24,DEM,3820,2324
18-24,24,OTH,163,64
18-24,24,REP,139,58
18-24,24,UNA,1297,540
18-24,25,DEM,3652,2163
18-24,25,OTH,114,39
18-24,25,REP,91,36
18-24,25,UNA,1172,499
18-24,26,DEM,3174,1855
18-24,26,OTH,98,29
18-24,26,REP,123,49
18-24,26,UNA,1036,396
18-24,27A,DEM,1312,760
18-24,27A,OTH,37,16
18-24,27A,REP,127,72
18-24,27A,UNA,505,223
18-24,27B,DEM,1107,707
18-24,27B,OTH,33,7
18-24,27B,REP,329,208
18-24,27B,UNA,683,294
18-24,27C,DEM,718,459
18-24,27C,OTH,54,16
18-24,27C,REP,642,412
18-24,27C,UNA,746,360
18-24,28,DEM,4034,2508
18-24,28,OTH,107,44
18-24,28,REP,684,421
18-24,28,UNA,1862,854
18-24,29A,DEM,469,286
18-24,29A,OTH,39,18
18-24,29A,REP,769,505
18-24,29A,UNA,661,324
18-24,29B,DEM,782,457
18-24,29B,OTH,49,19
18-24,29B,REP,303,174
18-24,29B,UNA,633,247
18-24,29C,DEM,619,385
18-24,29C,OTH,66,19
18-24,29C,REP,593,391
18-24,29C,UNA,739,325
18-24,30A,DEM,1508,968
18-24,30A,OTH,83,32
18-24,30A,REP,502,273
18-24,30A,UNA,992,430
18-24,30B,DEM,604,398
18-24,30B,OTH,54,19
18-24,30B,REP,454,277
18-24,30B,UNA,691,309
18-24,31,DEM,2019,1324
18-24,31,OTH,145,61
18-24,31,REP,1311,830
18-24,31,UNA,2095,935
18-24,32,DEM,2491,1574
18-24,32,OTH,136,61
18-24,32,REP,519,315
18-24,32,UNA,1673,747
18-24,33A,DEM,952,599
18-24,33A,OTH,48,19
18-24,33A,REP,221,122
18-24,33A,UNA,681,333
18-24,33B,DEM,827,512
18-24,33B,OTH,37,9
18-24,33B,REP,476,273
18-24,33B,UNA,825,387
18-24,33C,DEM,948,591
18-24,33C,OTH,42,15
18-24,33C,REP,413,245
18-24,33C,UNA,808,374
18-24,34A,DEM,1755,1050
18-24,34A,OTH,118,29
18-24,34A,REP,478,266
18-24,34A,UNA,1273,533
18-24,34B,DEM,696,453
18-24,34B,OTH,45,21
18-24,34B,REP,478,284
18-24,34B,UNA,712,330
18-24,35A,DEM,1075,722
18-24,35A,OTH,75,31
18-24,35A,REP,1465,929
18-24,35A,UNA,1496,693
18-24,35B,DEM,458,257
18-24,35B,OTH,48,18
18-24,35B,REP,768,481
18-24,35B,UNA,735,296
18-24,36,DEM,1152,652
18-24,36,OTH,115,45
18-24,36,REP,1296,793
18-24,36,UNA,1397,556
18-24,37A,DEM,787,356
18-24,37A,OTH,81,21
18-24,37A,REP,274,140
18-24,37A,UNA,595,194
18-24,37B,DEM,1072,629
18-24,37B,OTH,98,28
18-24,37B,REP,1138,692
18-24,37B,UNA,1207,490
18-24,38A,DEM,604,292
18-24,38A,OTH,44,18
18-24,38A,REP,520,309
18-24,38A,UNA,559,234
18-24,38B,DEM,781,475
18-24,38B,OTH,61,20
18-24,38B,REP,344,199
18-24,38B,UNA,650,273
18-24,38C,DEM,391,227
18-24,38C,OTH,38,13
18-24,38C,REP,567,323
18-24,38C,UNA,571,264
18-24,39,DEM,3116,1970
18-24,39,OTH,147,49
18-24,39,REP,290,155
18-24,39,UNA,1860,855
18-24,40,DEM,2529,1300
18-24,40,OTH,147,42
18-24,40,REP,133,46
18-24,40,UNA,911,321
18-24,41,DEM,3134,1747
18-24,41,OTH,116,43
18-24,41,REP,270,138
18-24,41,UNA,918,364
18-24,42A,DEM,724,462
18-24,42A,OTH,30,14
18-24,42A,REP,591,358
18-24,42A,UNA,668,287
18-24,42B,DEM,846,546
18-24,42B,OTH,27,9
18-24,42B,REP,231,127
18-24,42B,UNA,494,224
18-24,42C,DEM,504,332
18-24,42C,OTH,32,19
18-24,42C,REP,657,432
18-24,42C,UNA,587,286
18-24,43A,DEM,2280,1417
18-24,43A,OTH,77,35
18-24,43A,REP,73,26
18-24,43A,UNA,609,305
18-24,43B,DEM,1168,777
18-24,43B,OTH,27,12
18-24,43B,REP,129,64
18-24,43B,UNA,447,240
18-24,44A,DEM,690,405
18-24,44A,OTH,66,20
18-24,44A,REP,151,93
18-24,44A,UNA,462,189
18-24,44B,DEM,1981,1252
18-24,44B,OTH,106,38
18-24,44B,REP,218,143
18-24,44B,UNA,822,383
18-24,45,DEM,3122,1701
18-24,45,OTH,124,35
18-24,45,REP,145,61
18-24,45,UNA,966,370
18-24,46,DEM,1715,1036
18-24,46,OTH,95,26
18-24,46,REP,177,90
18-24,46,UNA,755,319
18-24,47A,DEM,1640,930
18-24,47A,OTH,90,25
18-24,47A,REP,93,42
18-24,47A,UNA,743,281
18-24,47B,DEM,689,394
18-24,47B,OTH,37,10
18-24,47B,REP,53,21
18-24,47B,UNA,299,123
18-24,36,DEM,259,133
18-24,36,OTH,38,13
18-24,36,REP,883,501
18-24,36,UNA,546,205
18-24,01A,DEM,155,91
18-24,01A,OTH,29,7
18-24,01A,REP,1074,581
18-24,01A,UNA,425,151
18-24,01B,DEM,260,120
18-24,01B,OTH,46,11
18-24,01B,REP,846,429
18-24,01B,UNA,551,172
18-24,01C,DEM,244,120
18-24,01C,OTH,45,14
18-24,01C,REP,964,537
18-24,01C,UNA,543,196
18-24,02A,DEM,673,337
18-24,02A,OTH,77,41
18-24,02A,REP,1632,896
18-24,02A,UNA,1341,465
18-24,02B,DEM,480,183
18-24,02B,OTH,54,15
18-24,02B,REP,380,166
18-24,02B,UNA,648,161
18-24,03,DEM,1900,973
18-24,03,OTH,164,54
18-24,03,REP,1098,549
18-24,03,UNA,2323,838
18-24,04,DEM,1396,765
18-24,04,OTH,143,54
18-24,04,REP,2554,1472
18-24,04,UNA,2635,1021
18-24,05,DEM,1012,585
18-24,05,OTH,144,68
18-24,05,REP,2854,1681
18-24,05,UNA,2149,859
18-24,06,DEM,1283,507
18-24,06,OTH,147,42
18-24,06,REP,1231,678
18-24,06,UNA,1808,536
18-24,07A,DEM,883,473
18-24,07A,OTH,84,28
18-24,07A,REP,1107,631
18-24,07A,UNA,1185,485
18-24,07B,DEM,331,178
18-24,07B,OTH,46,26
18-24,07B,REP,953,537
18-24,07B,UNA,709,310
18-24,08,DEM,2000,910
18-24,08,OTH,132,39
18-24,08,REP,817,435
18-24,08,UNA,1621,564
18-24,09A,DEM,1485,804
18-24,09A,OTH,98,41
18-24,09A,REP,1313,720
18-24,09A,UNA,2210,864
18-24,09B,DEM,814,457
18-24,09B,OTH,36,14
18-24,09B,REP,353,200
18-24,09B,UNA,865,340
18-24,10,DEM,2572,1318
18-24,10,OTH,116,28
18-24,10,REP,646,326
18-24,10,UNA,1589,619
18-24,11A,DEM,795,407
18-24,11A,OTH,29,8
18-24,11A,REP,201,88
18-24,11A,UNA,446,183
18-24,11B,DEM,1404,744
18-24,11B,OTH,51,15
18-24,11B,REP,984,512
18-24,11B,UNA,1114,411
18-24,12A,DEM,1582,874
18-24,12A,OTH,83,39
18-24,12A,REP,666,393
18-24,12A,UNA,1517,647
18-24,12B,DEM,523,219
18-24,12B,OTH,56,14
18-24,12B,REP,324,154
18-24,12B,UNA,635,189
18-24,13,DEM,2540,1374
18-24,13,OTH,139,52
18-24,13,REP,780,443
18-24,13,UNA,2318,935
18-24,14,DEM,2442,1298
18-24,14,OTH,142,54
18-24,14,REP,1035,561
18-24,14,UNA,2338,914
18-24,15,DEM,2639,1333
18-24,15,OTH,118,44
18-24,15,REP,1062,510
18-24,15,UNA,3033,1120
18-24,16,DEM,2761,1398
18-24,16,OTH,68,23
18-24,16,REP,876,412
18-24,16,UNA,2258,809
18-24,17,DEM,1997,1023
18-24,17,OTH,100,28
18-24,17,REP,593,278
18-24,17,UNA,1867,714
18-24,18,DEM,2419,1223
18-24,18,OTH,111,29
18-24,18,REP,679,349
18-24,18,UNA,1846,694
18-24,19,DEM,1933,1026
18-24,19,OTH,115,38
18-24,19,REP,690,372
18-24,19,UNA,1950,760
18-24,20,DEM,2278,1168
18-24,20,OTH,105,33
18-24,20,REP,358,185
18-24,20,UNA,1547,592
18-24,21,DEM,2168,1146
18-24,21,OTH,109,31
18-24,21,REP,644,330
18-24,21,UNA,1759,662
18-24,22,DEM,2350,1077
18-24,22,OTH,156,37
18-24,22,REP,373,144
18-24,22,UNA,1627,491
18-24,23,DEM,3596,1927
18-24,23,OTH,126,48
18-24,23,REP,441,199
18-24,23,UNA,1903,668
18-24,24,DEM,3180,1455
18-24,24,OTH,143,35
18-24,24,REP,261,119
18-24,24,UNA,1577,521
18-24,25,DEM,3152,1467
18-24,25,OTH,139,36
18-24,25,REP,235,105
18-24,25,UNA,1429,452
18-24,26,DEM,2631,1199
18-24,26,OTH,119,37
18-24,26,REP,230,75
18-24,26,UNA,1295,421
18-24,27A,DEM,1215,552
18-24,27A,OTH,32,11
18-24,27A,REP,175,89
18-24,27A,UNA,629,196
18-24,27B,DEM,760,388
18-24,27B,OTH,38,12
18-24,27B,REP,529,304
18-24,27B,UNA,780,288
18-24,27C,DEM,458,266
18-24,27C,OTH,50,26
18-24,27C,REP,1001,576
18-24,27C,UNA,751,299
18-24,28,DEM,3261,1653
18-24,28,OTH,127,50
18-24,28,REP,1054,564
18-24,28,UNA,2244,848
18-24,29A,DEM,313,157
18-24,29A,OTH,48,19
18-24,29A,REP,1060,655
18-24,29A,UNA,649,256
18-24,29B,DEM,576,274
18-24,29B,OTH,47,13
18-24,29B,REP,464,240
18-24,29B,UNA,630,219
18-24,29C,DEM,423,217
18-24,29C,OTH,51,23
18-24,29C,REP,811,468
18-24,29C,UNA,745,275
18-24,30A,DEM,870,446
18-24,30A,OTH,85,28
18-24,30A,REP,815,372
18-24,30A,UNA,1145,423
18-24,30B,DEM,359,198
18-24,30B,OTH,46,15
18-24,30B,REP,786,430
18-24,30B,UNA,747,273
18-24,31,DEM,1192,647
18-24,31,OTH,148,55
18-24,31,REP,2228,1229
18-24,31,UNA,2231,850
18-24,32,DEM,1930,942
18-24,32,OTH,159,48
18-24,32,REP,877,498
18-24,32,UNA,1948,723
18-24,33A,DEM,688,367
18-24,33A,OTH,52,16
18-24,33A,REP,382,200
18-24,33A,UNA,813,312
18-24,33B,DEM,550,280
18-24,33B,OTH,53,13
18-24,33B,REP,798,407
18-24,33B,UNA,924,369
18-24,33C,DEM,597,353
18-24,33C,OTH,54,28
18-24,33C,REP,760,392
18-24,33C,UNA,950,368
18-24,34A,DEM,1345,572
18-24,34A,OTH,135,28
18-24,34A,REP,766,383
18-24,34A,UNA,1491,491
18-24,34B,DEM,419,215
18-24,34B,OTH,47,23
18-24,34B,REP,772,441
18-24,34B,UNA,756,313
18-24,35A,DEM,629,377
18-24,35A,OTH,106,42
18-24,35A,REP,2173,1296
18-24,35A,UNA,1568,646
18-24,35B,DEM,247,107
18-24,35B,OTH,52,16
18-24,35B,REP,1092,636
18-24,35B,UNA,738,254
18-24,36,DEM,723,302
18-24,36,OTH,93,36
18-24,36,REP,1765,977
18-24,36,UNA,1411,449
18-24,37A,DEM,612,182
18-24,37A,OTH,58,7
18-24,37A,REP,366,160
18-24,37A,UNA,575,140
18-24,37B,DEM,632,271
18-24,37B,OTH,83,29
18-24,37B,REP,1644,904
18-24,37B,UNA,1225,399
18-24,38A,DEM,424,147
18-24,38A,OTH,56,9
18-24,38A,REP,759,377
18-24,38A,UNA,548,180
18-24,38B,DEM,510,223
18-24,38B,OTH,43,9
18-24,38B,REP,519,278
18-24,38B,UNA,601,189
18-24,38C,DEM,243,118
18-24,38C,OTH,48,21
18-24,38C,REP,904,465
18-24,38C,UNA,527,188
18-24,39,DEM,2378,1204
18-24,39,OTH,148,42
18-24,39,REP,659,350
18-24,39,UNA,2266,844
18-24,40,DEM,1788,631
18-24,40,OTH,104,20
18-24,40,REP,203,62
18-24,40,UNA,924,246
18-24,41,DEM,2352,1019
18-24,41,OTH,94,25
18-24,41,REP,398,158
18-24,41,UNA,959,290
18-24,42A,DEM,429,256
18-24,42A,OTH,38,13
18-24,42A,REP,918,482
18-24,42A,UNA,737,318
18-24,42B,DEM,557,285
18-24,42B,OTH,35,10
18-24,42B,REP,471,241
18-24,42B,UNA,572,225
18-24,42C,DEM,284,145
18-24,42C,OTH,42,18
18-24,42C,REP,975,600
18-24,42C,UNA,654,266
18-24,43A,DEM,1512,686
18-24,43A,OTH,62,12
18-24,43A,REP,140,59
18-24,43A,UNA,635,244
18-24,43B,DEM,710,385
18-24,43B,OTH,31,11
18-24,43B,REP,261,132
18-24,43B,UNA,561,223
18-24,44A,DEM,487,217
18-24,44A,OTH,48,10
18-24,44A,REP,260,141
18-24,44A,UNA,578,190
18-24,44B,DEM,1642,816
18-24,44B,OTH,81,20
18-24,44B,REP,411,200
18-24,44B,UNA,914,359
18-24,45,DEM,2369,890
18-24,45,OTH,102,10
18-24,45,REP,217,73
18-24,45,UNA,1075,310
18-24,46,DEM,1166,531
18-24,46,OTH,95,20
18-24,46,REP,281,122
18-24,46,UNA,761,253
18-24,47A,DEM,1375,580
18-24,47A,OTH,82,18
18-24,47A,REP,219,91
18-24,47A,UNA,871,229
18-24,47B,DEM,443,182
18-24,47B,OTH,43,12
18-24,47B,REP,93,38
18-24,47B,UNA,364,108
25-34,36,DEM,605,384
25-34,36,OTH,43,25
25-34,36,REP,874,657
25-34,36,UNA,629,349
25-34,01A,DEM,436,256
25-34,01A,OTH,39,15
25-34,01A,REP,1243,851
25-34,01A,UNA,505,207
25-34,01B,DEM,716,389
25-34,01B,OTH,84,25
25-34,01B,REP,885,581
25-34,01B,UNA,697,306
25-34,01C,DEM,561,330
25-34,01C,OTH,58,19
25-34,01C,REP,1008,671
25-34,01C,UNA,657,265
25-34,02A,DEM,1471,900
25-34,02A,OTH,120,51
25-34,02A,REP,1718,1180
25-34,02A,UNA,1425,679
25-34,02B,DEM,1288,655
25-34,02B,OTH,93,28
25-34,02B,REP,483,258
25-34,02B,UNA,932,330
25-34,03,DEM,5244,3532
25-34,03,OTH,183,85
25-34,03,REP,1477,936
25-34,03,UNA,2620,1376
25-34,04,DEM,2701,1818
25-34,04,OTH,131,64
25-34,04,REP,2287,1586
25-34,04,UNA,2044,1147
25-34,05,DEM,2299,1550
25-34,05,OTH,160,88
25-34,05,REP,2829,2048
25-34,05,UNA,2305,1236
25-34,06,DEM,3582,1916
25-34,06,OTH,255,84
25-34,06,REP,1458,964
25-34,06,UNA,2152,908
25-34,07A,DEM,2235,1501
25-34,07A,OTH,109,48
25-34,07A,REP,1231,868
25-34,07A,UNA,1257,634
25-34,07B,DEM,829,575
25-34,07B,OTH,65,33
25-34,07B,REP,911,661
25-34,07B,UNA,702,389
25-34,08,DEM,5554,3551
25-34,08,OTH,198,77
25-34,08,REP,1069,696
25-34,08,UNA,2151,1059
25-34,09A,DEM,2256,1448
25-34,09A,OTH,72,37
25-34,09A,REP,871,536
25-34,09A,UNA,1021,541
25-34,09B,DEM,1126,703
25-34,09B,OTH,33,19
25-34,09B,REP,213,127
25-34,09B,UNA,459,238
25-34,10,DEM,5593,3662
25-34,10,OTH,161,75
25-34,10,REP,624,383
25-34,10,UNA,1575,783
25-34,11A,DEM,2041,1349
25-34,11A,OTH,70,35
25-34,11A,REP,240,140
25-34,11A,UNA,574,294
25-34,11B,DEM,2677,1777
25-34,11B,OTH,78,34
25-34,11B,REP,828,539
25-34,11B,UNA,913,450
25-34,12A,DEM,3734,2655
25-34,12A,OTH,103,45
25-34,12A,REP,657,423
25-34,12A,UNA,1479,828
25-34,12B,DEM,1440,873
25-34,12B,OTH,68,25
25-34,12B,REP,429,272
25-34,12B,UNA,846,372
25-34,13,DEM,5292,3686
25-34,13,OTH,172,78
25-34,13,REP,817,525
25-34,13,UNA,1968,1093
25-34,14,DEM,4391,2928
25-34,14,OTH,137,71
25-34,14,REP,787,486
25-34,14,UNA,1586,871
25-34,15,DEM,4614,3013
25-34,15,OTH,118,56
25-34,15,REP,749,437
25-34,15,UNA,1827,956
25-34,16,DEM,4846,3049
25-34,16,OTH,78,32
25-34,16,REP,626,354
25-34,16,UNA,1426,771
25-34,17,DEM,4992,3390
25-34,17,OTH,140,69
25-34,17,REP,595,370
25-34,17,UNA,1847,1023
25-34,18,DEM,4607,3149
25-34,18,OTH,95,44
25-34,18,REP,505,331
25-34,18,UNA,1414,810
25-34,19,DEM,4036,2730
25-34,19,OTH,116,54
25-34,19,REP,599,382
25-34,19,UNA,1424,778
25-34,20,DEM,5489,3779
25-34,20,OTH,133,54
25-34,20,REP,312,190
25-34,20,UNA,1411,755
25-34,21,DEM,5422,3072
25-34,21,OTH,167,67
25-34,21,REP,723,338
25-34,21,UNA,2140,881
25-34,22,DEM,5526,3249
25-34,22,OTH,171,67
25-34,22,REP,338,188
25-34,22,UNA,1528,705
25-34,23,DEM,6632,4371
25-34,23,OTH,159,66
25-34,23,REP,465,253
25-34,23,UNA,1735,856
25-34,24,DEM,7032,4089
25-34,24,OTH,191,75
25-34,24,REP,269,127
25-34,24,UNA,1508,697
25-34,25,DEM,7587,4569
25-34,25,OTH,194,74
25-34,25,REP,250,101
25-34,25,UNA,1636,715
25-34,26,DEM,6528,3579
25-34,26,OTH,177,65
25-34,26,REP,286,128
25-34,26,UNA,1581,661
25-34,27A,DEM,2161,1337
25-34,27A,OTH,52,15
25-34,27A,REP,209,121
25-34,27A,UNA,610,286
25-34,27B,DEM,1573,1035
25-34,27B,OTH,72,28
25-34,27B,REP,502,344
25-34,27B,UNA,647,345
25-34,27C,DEM,980,630
25-34,27C,OTH,55,33
25-34,27C,REP,932,683
25-34,27C,UNA,672,340
25-34,28,DEM,5663,3711
25-34,28,OTH,165,76
25-34,28,REP,1144,733
25-34,28,UNA,2113,1081
25-34,29A,DEM,748,459
25-34,29A,OTH,60,28
25-34,29A,REP,1088,823
25-34,29A,UNA,767,388
25-34,29B,DEM,1464,856
25-34,29B,OTH,79,40
25-34,29B,REP,618,390
25-34,29B,UNA,907,436
25-34,29C,DEM,1023,640
25-34,29C,OTH,65,33
25-34,29C,REP,959,661
25-34,29C,UNA,806,415
25-34,30A,DEM,2731,1809
25-34,30A,OTH,101,43
25-34,30A,REP,1076,675
25-34,30A,UNA,1339,696
25-34,30B,DEM,803,525
25-34,30B,OTH,46,23
25-34,30B,REP,804,585
25-34,30B,UNA,646,357
25-34,31,DEM,3234,2225
25-34,31,OTH,178,93
25-34,31,REP,2403,1705
25-34,31,UNA,2386,1332
25-34,32,DEM,4932,3240
25-34,32,OTH,209,95
25-34,32,REP,1178,759
25-34,32,UNA,2553,1256
25-34,33A,DEM,1630,1105
25-34,33A,OTH,56,33
25-34,33A,REP,411,267
25-34,33A,UNA,894,489
25-34,33B,DEM,1011,716
25-34,33B,OTH,55,27
25-34,33B,REP,607,411
25-34,33B,UNA,660,359
25-34,33C,DEM,1059,740
25-34,33C,OTH,46,20
25-34,33C,REP,667,456
25-34,33C,UNA,653,368
25-34,34A,DEM,2968,1848
25-34,34A,OTH,172,82
25-34,34A,REP,1008,668
25-34,34A,UNA,1759,819
25-34,34B,DEM,1128,822
25-34,34B,OTH,64,29
25-34,34B,REP,893,669
25-34,34B,UNA,825,484
25-34,35A,DEM,1376,912
25-34,35A,OTH,104,60
25-34,35A,REP,1992,1493
25-34,35A,UNA,1317,733
25-34,35B,DEM,728,431
25-34,35B,OTH,79,40
25-34,35B,REP,1154,830
25-34,35B,UNA,829,380
25-34,36,DEM,1725,1010
25-34,36,OTH,131,47
25-34,36,REP,1907,1368
25-34,36,UNA,1653,785
25-34,37A,DEM,1555,730
25-34,37A,OTH,68,31
25-34,37A,REP,480,294
25-34,37A,UNA,748,289
25-34,37B,DEM,1608,917
25-34,37B,OTH,115,47
25-34,37B,REP,1752,1263
25-34,37B,UNA,1248,569
25-34,38A,DEM,983,526
25-34,38A,OTH,54,24
25-34,38A,REP,801,560
25-34,38A,UNA,629,256
25-34,38B,DEM,1160,650
25-34,38B,OTH,58,16
25-34,38B,REP,539,349
25-34,38B,UNA,798,328
25-34,38C,DEM,669,384
25-34,38C,OTH,71,33
25-34,38C,REP,915,605
25-34,38C,UNA,740,349
25-34,39,DEM,4717,3064
25-34,39,OTH,154,64
25-34,39,REP,620,363
25-34,39,UNA,1869,971
25-34,40,DEM,7699,4099
25-34,40,OTH,292,102
25-34,40,REP,354,115
25-34,40,UNA,1856,659
25-34,41,DEM,5749,3177
25-34,41,OTH,194,63
25-34,41,REP,547,258
25-34,41,UNA,1341,551
25-34,42A,DEM,782,506
25-34,42A,OTH,40,18
25-34,42A,REP,746,507
25-34,42A,UNA,466,246
25-34,42B,DEM,1489,964
25-34,42B,OTH,49,20
25-34,42B,REP,406,259
25-34,42B,UNA,559,290
25-34,42C,DEM,661,439
25-34,42C,OTH,45,28
25-34,42C,REP,1022,724
25-34,42C,UNA,693,387
25-34,43A,DEM,4973,2912
25-34,43A,OTH,143,60
25-34,43A,REP,156,66
25-34,43A,UNA,1009,426
25-34,43B,DEM,1568,1017
25-34,43B,OTH,47,20
25-34,43B,REP,242,147
25-34,43B,UNA,457,243
25-34,44A,DEM,1410,872
25-34,44A,OTH,75,28
25-34,44A,REP,374,231
25-34,44A,UNA,636,318
25-34,44B,DEM,3680,2379
25-34,44B,OTH,113,46
25-34,44B,REP,443,293
25-34,44B,UNA,1058,535
25-34,45,DEM,6453,3449
25-34,45,OTH,230,62
25-34,45,REP,318,123
25-34,45,UNA,1558,570
25-34,46,DEM,9544,6423
25-34,46,OTH,237,99
25-34,46,REP,1141,652
25-34,46,UNA,2921,1546
25-34,47A,DEM,3521,1979
25-34,47A,OTH,117,41
25-34,47A,REP,210,121
25-34,47A,UNA,968,414
25-34,47B,DEM,1241,659
25-34,47B,OTH,44,15
25-34,47B,REP,78,42
25-34,47B,UNA,359,135
25-34,36,DEM,396,228
25-34,36,OTH,69,37
25-34,36,REP,1059,730
25-34,36,UNA,588,278
25-34,01A,DEM,297,157
25-34,01A,OTH,48,19
25-34,01A,REP,1383,841
25-34,01A,UNA,547,226
25-34,01B,DEM,525,265
25-34,01B,OTH,101,44
25-34,01B,REP,1103,651
25-34,01B,UNA,794,274
25-34,01C,DEM,392,184
25-34,01C,OTH,75,32
25-34,01C,REP,1239,744
25-34,01C,UNA,718,277
25-34,02A,DEM,1042,537
25-34,02A,OTH,142,68
25-34,02A,REP,2037,1289
25-34,02A,UNA,1390,603
25-34,02B,DEM,832,320
25-34,02B,OTH,96,35
25-34,02B,REP,591,283
25-34,02B,UNA,935,265
25-34,03,DEM,3578,2088
25-34,03,OTH,242,109
25-34,03,REP,2065,1209
25-34,03,UNA,2969,1365
25-34,04,DEM,1847,1118
25-34,04,OTH,192,103
25-34,04,REP,2920,1892
25-34,04,UNA,2333,1135
25-34,05,DEM,1551,925
25-34,05,OTH,247,112
25-34,05,REP,3655,2350
25-34,05,UNA,2317,1115
25-34,06,DEM,2496,922
25-34,06,OTH,247,74
25-34,06,REP,1957,1166
25-34,06,UNA,2254,780
25-34,07A,DEM,1484,821
25-34,07A,OTH,139,57
25-34,07A,REP,1580,1039
25-34,07A,UNA,1380,621
25-34,07B,DEM,528,310
25-34,07B,OTH,71,33
25-34,07B,REP,1109,783
25-34,07B,UNA,759,397
25-34,08,DEM,3613,1799
25-34,08,OTH,240,88
25-34,08,REP,1550,948
25-34,08,UNA,2288,951
25-34,09A,DEM,1600,898
25-34,09A,OTH,93,46
25-34,09A,REP,1168,667
25-34,09A,UNA,1398,660
25-34,09B,DEM,937,556
25-34,09B,OTH,38,18
25-34,09B,REP,364,234
25-34,09B,UNA,601,292
25-34,10,DEM,4080,2016
25-34,10,OTH,172,68
25-34,10,REP,1002,587
25-34,10,UNA,1983,882
25-34,11A,DEM,1290,669
25-34,11A,OTH,48,25
25-34,11A,REP,297,167
25-34,11A,UNA,640,279
25-34,11B,DEM,1946,1111
25-34,11B,OTH,98,46
25-34,11B,REP,1043,631
25-34,11B,UNA,1035,463
25-34,12A,DEM,2806,1693
25-34,12A,OTH,145,72
25-34,12A,REP,969,597
25-34,12A,UNA,1959,999
25-34,12B,DEM,1061,509
25-34,12B,OTH,108,44
25-34,12B,REP,617,360
25-34,12B,UNA,863,331
25-34,13,DEM,3965,2421
25-34,13,OTH,185,64
25-34,13,REP,1298,783
25-34,13,UNA,2575,1283
25-34,14,DEM,3335,1883
25-34,14,OTH,142,50
25-34,14,REP,1160,668
25-34,14,UNA,2189,1000
25-34,15,DEM,3466,1931
25-34,15,OTH,163,66
25-34,15,REP,1133,621
25-34,15,UNA,2345,1052
25-34,16,DEM,3579,2087
25-34,16,OTH,110,57
25-34,16,REP,911,503
25-34,16,UNA,1872,931
25-34,17,DEM,3778,2344
25-34,17,OTH,151,63
25-34,17,REP,987,602
25-34,17,UNA,2338,1103
25-34,18,DEM,3538,2130
25-34,18,OTH,126,47
25-34,18,REP,734,427
25-34,18,UNA,1842,908
25-34,19,DEM,3096,1767
25-34,19,OTH,143,55
25-34,19,REP,925,523
25-34,19,UNA,1915,891
25-34,20,DEM,4017,2396
25-34,20,OTH,147,53
25-34,20,REP,492,271
25-34,20,UNA,1809,849
25-34,21,DEM,4287,1959
25-34,21,OTH,203,51
25-34,21,REP,1093,486
25-34,21,UNA,2710,1006
25-34,22,DEM,4291,1939
25-34,22,OTH,178,47
25-34,22,REP,596,287
25-34,22,UNA,1903,680
25-34,23,DEM,5297,2734
25-34,23,OTH,199,74
25-34,23,REP,735,386
25-34,23,UNA,2302,936
25-34,24,DEM,5548,2337
25-34,24,OTH,220,60
25-34,24,REP,424,167
25-34,24,UNA,2071,720
25-34,25,DEM,5948,2586
25-34,25,OTH,198,53
25-34,25,REP,437,158
25-34,25,UNA,1969,647
25-34,26,DEM,5374,2187
25-34,26,OTH,163,38
25-34,26,REP,436,180
25-34,26,UNA,2039,672
25-34,27A,DEM,1730,773
25-34,27A,OTH,59,23
25-34,27A,REP,318,165
25-34,27A,UNA,733,265
25-34,27B,DEM,1302,669
25-34,27B,OTH,50,19
25-34,27B,REP,676,427
25-34,27B,UNA,766,337
25-34,27C,DEM,647,329
25-34,27C,OTH,66,30
25-34,27C,REP,1153,773
25-34,27C,UNA,766,347
25-34,28,DEM,4471,2096
25-34,28,OTH,209,77
25-34,28,REP,1461,884
25-34,28,UNA,2366,997
25-34,29A,DEM,504,254
25-34,29A,OTH,58,29
25-34,29A,REP,1325,907
25-34,29A,UNA,794,395
25-34,29B,DEM,1105,575
25-34,29B,OTH,122,60
25-34,29B,REP,921,559
25-34,29B,UNA,1107,509
25-34,29C,DEM,692,375
25-34,29C,OTH,104,54
25-34,29C,REP,1134,752
25-34,29C,UNA,901,406
25-34,30A,DEM,1837,1065
25-34,30A,OTH,125,53
25-34,30A,REP,1436,892
25-34,30A,UNA,1472,687
25-34,30B,DEM,552,294
25-34,30B,OTH,49,19
25-34,30B,REP,994,641
25-34,30B,UNA,704,346
25-34,31,DEM,2216,1300
25-34,31,OTH,249,131
25-34,31,REP,3059,2069
25-34,31,UNA,2641,1263
25-34,32,DEM,3814,2018
25-34,32,OTH,234,87
25-34,32,REP,1697,1046
25-34,32,UNA,3121,1294
25-34,33A,DEM,1093,631
25-34,33A,OTH,85,35
25-34,33A,REP,615,374
25-34,33A,UNA,1022,522
25-34,33B,DEM,752,460
25-34,33B,OTH,67,27
25-34,33B,REP,821,542
25-34,33B,UNA,742,370
25-34,33C,DEM,712,446
25-34,33C,OTH,59,26
25-34,33C,REP,813,501
25-34,33C,UNA,754,374
25-34,34A,DEM,2104,999
25-34,34A,OTH,219,91
25-34,34A,REP,1353,799
25-34,34A,UNA,1915,819
25-34,34B,DEM,769,495
25-34,34B,OTH,97,52
25-34,34B,REP,1144,791
25-34,34B,UNA,894,441
25-34,35A,DEM,907,554
25-34,35A,OTH,169,91
25-34,35A,REP,2495,1766
25-34,35A,UNA,1420,731
25-34,35B,DEM,495,226
25-34,35B,OTH,96,43
25-34,35B,REP,1346,899
25-34,35B,UNA,839,344
25-34,36,DEM,1202,555
25-34,36,OTH,171,83
25-34,36,REP,2323,1576
25-34,36,UNA,1612,687
25-34,37A,DEM,994,316
25-34,37A,OTH,90,26
25-34,37A,REP,569,325
25-34,37A,UNA,715,216
25-34,37B,DEM,1082,515
25-34,37B,OTH,129,62
25-34,37B,REP,2072,1366
25-34,37B,UNA,1291,530
25-34,38A,DEM,660,272
25-34,38A,OTH,66,25
25-34,38A,REP,918,560
25-34,38A,UNA,637,220
25-34,38B,DEM,796,352
25-34,38B,OTH,97,37
25-34,38B,REP,679,385
25-34,38B,UNA,872,334
25-34,38C,DEM,437,200
25-34,38C,OTH,80,31
25-34,38C,REP,1143,715
25-34,38C,UNA,747,292
25-34,39,DEM,3668,1937
25-34,39,OTH,185,75
25-34,39,REP,945,531
25-34,39,UNA,2378,1057
25-34,40,DEM,5292,2150
25-34,40,OTH,239,63
25-34,40,REP,491,171
25-34,40,UNA,1953,639
25-34,41,DEM,4560,1763
25-34,41,OTH,172,36
25-34,41,REP,641,280
25-34,41,UNA,1620,497
25-34,42A,DEM,491,297
25-34,42A,OTH,63,24
25-34,42A,REP,895,568
25-34,42A,UNA,552,283
25-34,42B,DEM,1014,568
25-34,42B,OTH,64,36
25-34,42B,REP,546,314
25-34,42B,UNA,637,316
25-34,42C,DEM,460,273
25-34,42C,OTH,73,37
25-34,42C,REP,1268,842
25-34,42C,UNA,730,362
25-34,43A,DEM,3421,1484
25-34,43A,OTH,132,44
25-34,43A,REP,254,82
25-34,43A,UNA,1112,348
25-34,43B,DEM,1017,586
25-34,43B,OTH,46,18
25-34,43B,REP,360,216
25-34,43B,UNA,579,257
25-34,44A,DEM,989,523
25-34,44A,OTH,101,30
25-34,44A,REP,490,286
25-34,44A,UNA,745,312
25-34,44B,DEM,2734,1387
25-34,44B,OTH,151,53
25-34,44B,REP,664,383
25-34,44B,UNA,1271,506
25-34,45,DEM,4790,1631
25-34,45,OTH,230,51
25-34,45,REP,478,165
25-34,45,UNA,1700,470
25-34,46,DEM,6517,3963
25-34,46,OTH,274,105
25-34,46,REP,1830,1051
25-34,46,UNA,3421,1685
25-34,47A,DEM,2793,1144
25-34,47A,OTH,129,27
25-34,47A,REP,336,136
25-34,47A,UNA,1126,368
25-34,47B,DEM,853,361
25-34,47B,OTH,43,13
25-34,47B,REP,125,58
25-34,47B,UNA,441,142
35-50,36,DEM,1062,795
35-50,36,OTH,49,31
35-50,36,REP,1621,1337
35-50,36,UNA,925,634
35-50,01A,DEM,644,434
35-50,01A,OTH,68,36
35-50,01A,REP,2025,1530
35-50,01A,UNA,741,376
35-50,01B,DEM,1142,725
35-50,01B,OTH,92,32
35-50,01B,REP,1594,1120
35-50,01B,UNA,1016,517
35-50,01C,DEM,868,574
35-50,01C,OTH,92,37
35-50,01C,REP,1748,1315
35-50,01C,UNA,1004,556
35-50,02A,DEM,2280,1698
35-50,02A,OTH,159,91
35-50,02A,REP,3156,2525
35-50,02A,UNA,2173,1375
35-50,02B,DEM,1825,1115
35-50,02B,OTH,130,51
35-50,02B,REP,883,547
35-50,02B,UNA,1257,562
35-50,03,DEM,7638,5896
35-50,03,OTH,237,126
35-50,03,REP,2457,1765
35-50,03,UNA,3961,2542
35-50,04,DEM,5766,4769
35-50,04,OTH,221,144
35-50,04,REP,4773,3942
35-50,04,UNA,4223,2980
35-50,05,DEM,4176,3411
35-50,05,OTH,242,154
35-50,05,REP,5277,4392
35-50,05,UNA,3720,2587
35-50,06,DEM,5471,3307
35-50,06,OTH,329,122
35-50,06,REP,2950,2154
35-50,06,UNA,3141,1547
35-50,07A,DEM,3995,3102
35-50,07A,OTH,179,101
35-50,07A,REP,2461,1972
35-50,07A,UNA,2138,1380
35-50,07B,DEM,1525,1213
35-50,07B,OTH,82,54
35-50,07B,REP,1990,1675
35-50,07B,UNA,1188,824
35-50,08,DEM,8099,5723
35-50,08,OTH,328,180
35-50,08,REP,1940,1347
35-50,08,UNA,2986,1647
35-50,09A,DEM,4484,3700
35-50,09A,OTH,130,73
35-50,09A,REP,2040,1649
35-50,09A,UNA,2747,2022
35-50,09B,DEM,2326,1877
35-50,09B,OTH,53,31
35-50,09B,REP,541,421
35-50,09B,UNA,1187,851
35-50,10,DEM,8732,6455
35-50,10,OTH,251,121
35-50,10,REP,1232,881
35-50,10,UNA,2268,1360
35-50,11A,DEM,3003,2251
35-50,11A,OTH,77,46
35-50,11A,REP,372,249
35-50,11A,UNA,781,511
35-50,11B,DEM,4730,3688
35-50,11B,OTH,105,60
35-50,11B,REP,1510,1166
35-50,11B,UNA,1749,1151
35-50,12A,DEM,5975,4779
35-50,12A,OTH,166,88
35-50,12A,REP,1157,860
35-50,12A,UNA,2375,1626
35-50,12B,DEM,2145,1485
35-50,12B,OTH,102,45
35-50,12B,REP,820,552
35-50,12B,UNA,1185,612
35-50,13,DEM,9193,7416
35-50,13,OTH,240,127
35-50,13,REP,1713,1289
35-50,13,UNA,3548,2447
35-50,14,DEM,7771,6123
35-50,14,OTH,188,91
35-50,14,REP,1672,1239
35-50,14,UNA,2992,1960
35-50,15,DEM,7944,6311
35-50,15,OTH,201,117
35-50,15,REP,1735,1255
35-50,15,UNA,3875,2643
35-50,16,DEM,8034,6561
35-50,16,OTH,119,75
35-50,16,REP,1290,925
35-50,16,UNA,3129,2253
35-50,17,DEM,7164,5628
35-50,17,OTH,212,118
35-50,17,REP,1079,742
35-50,17,UNA,2970,1912
35-50,18,DEM,8235,6742
35-50,18,OTH,160,86
35-50,18,REP,986,712
35-50,18,UNA,2508,1699
35-50,19,DEM,6536,5120
35-50,19,OTH,151,77
35-50,19,REP,1214,861
35-50,19,UNA,2484,1584
35-50,20,DEM,9121,7110
35-50,20,OTH,191,90
35-50,20,REP,775,516
35-50,20,UNA,2224,1349
35-50,21,DEM,7470,5097
35-50,21,OTH,331,111
35-50,21,REP,1159,724
35-50,21,UNA,2574,1438
35-50,22,DEM,8256,5480
35-50,22,OTH,256,80
35-50,22,REP,601,321
35-50,22,UNA,2162,1138
35-50,23,DEM,11768,8818
35-50,23,OTH,306,105
35-50,23,REP,1015,614
35-50,23,UNA,2743,1653
35-50,24,DEM,11073,7203
35-50,24,OTH,377,115
35-50,24,REP,541,278
35-50,24,UNA,2219,1149
35-50,25,DEM,12463,8395
35-50,25,OTH,351,115
35-50,25,REP,505,232
35-50,25,UNA,2290,1186
35-50,26,DEM,10300,6544
35-50,26,OTH,342,103
35-50,26,REP,578,278
35-50,26,UNA,2269,1124
35-50,27A,DEM,4053,3115
35-50,27A,OTH,88,35
35-50,27A,REP,424,289
35-50,27A,UNA,1024,608
35-50,27B,DEM,2880,2247
35-50,27B,OTH,101,52
35-50,27B,REP,1085,821
35-50,27B,UNA,1231,788
35-50,27C,DEM,1584,1227
35-50,27C,OTH,88,59
35-50,27C,REP,1866,1562
35-50,27C,UNA,1309,931
35-50,28,DEM,10519,8365
35-50,28,OTH,263,148
35-50,28,REP,2188,1636
35-50,28,UNA,3333,2123
35-50,29A,DEM,1243,916
35-50,29A,OTH,71,44
35-50,29A,REP,2082,1719
35-50,29A,UNA,1135,761
35-50,29B,DEM,1864,1334
35-50,29B,OTH,99,53
35-50,29B,REP,1045,776
35-50,29B,UNA,1157,674
35-50,29C,DEM,1548,1173
35-50,29C,OTH,92,51
35-50,29C,REP,1693,1362
35-50,29C,UNA,1275,850
35-50,30A,DEM,3753,2894
35-50,30A,OTH,117,59
35-50,30A,REP,1596,1182
35-50,30A,UNA,1807,1151
35-50,30B,DEM,1428,1124
35-50,30B,OTH,76,46
35-50,30B,REP,1425,1156
35-50,30B,UNA,1115,757
35-50,31,DEM,5726,4509
35-50,31,OTH,269,163
35-50,31,REP,4745,3790
35-50,31,UNA,4017,2661
35-50,32,DEM,7679,5647
35-50,32,OTH,261,135
35-50,32,REP,2095,1447
35-50,32,UNA,3627,2077
35-50,33A,DEM,2757,2210
35-50,33A,OTH,83,49
35-50,33A,REP,832,614
35-50,33A,UNA,1349,894
35-50,33B,DEM,2157,1821
35-50,33B,OTH,72,48
35-50,33B,REP,1376,1102
35-50,33B,UNA,1389,1011
35-50,33C,DEM,2250,1898
35-50,33C,OTH,89,57
35-50,33C,REP,1368,1089
35-50,33C,UNA,1410,1033
35-50,34A,DEM,4717,3382
35-50,34A,OTH,236,103
35-50,34A,REP,1788,1329
35-50,34A,UNA,2397,1397
35-50,34B,DEM,1855,1497
35-50,34B,OTH,103,66
35-50,34B,REP,1615,1318
35-50,34B,UNA,1295,861
35-50,35A,DEM,2371,1963
35-50,35A,OTH,148,95
35-50,35A,REP,4145,3551
35-50,35A,UNA,2317,1642
35-50,35B,DEM,1040,706
35-50,35B,OTH,96,41
35-50,35B,REP,2231,1799
35-50,35B,UNA,1181,667
35-50,36,DEM,2674,1794
35-50,36,OTH,174,85
35-50,36,REP,3429,2724
35-50,36,UNA,2240,1277
35-50,37A,DEM,2179,1255
35-50,37A,OTH,94,32
35-50,37A,REP,704,501
35-50,37A,UNA,871,388
35-50,37B,DEM,2522,1810
35-50,37B,OTH,134,73
35-50,37B,REP,3121,2549
35-50,37B,UNA,1947,1164
35-50,38A,DEM,1667,1081
35-50,38A,OTH,76,46
35-50,38A,REP,1423,1124
35-50,38A,UNA,954,492
35-50,38B,DEM,1685,1126
35-50,38B,OTH,93,31
35-50,38B,REP,900,664
35-50,38B,UNA,956,541
35-50,38C,DEM,979,691
35-50,38C,OTH,101,49
35-50,38C,REP,1594,1253
35-50,38C,UNA,1033,615
35-50,39,DEM,7071,5286
35-50,39,OTH,268,133
35-50,39,REP,1171,800
35-50,39,UNA,3056,1934
35-50,40,DEM,10633,5985
35-50,40,OTH,277,76
35-50,40,REP,606,218
35-50,40,UNA,2199,837
35-50,41,DEM,9626,6347
35-50,41,OTH,238,102
35-50,41,REP,726,378
35-50,41,UNA,1822,882
35-50,42A,DEM,1699,1432
35-50,42A,OTH,67,44
35-50,42A,REP,1600,1327
35-50,42A,UNA,1102,779
35-50,42B,DEM,2172,1717
35-50,42B,OTH,75,34
35-50,42B,REP,664,503
35-50,42B,UNA,855,545
35-50,42C,DEM,1122,905
35-50,42C,OTH,68,48
35-50,42C,REP,1918,1592
35-50,42C,UNA,1170,770
35-50,43A,DEM,7371,4910
35-50,43A,OTH,164,54
35-50,43A,REP,313,125
35-50,43A,UNA,1294,568
35-50,43B,DEM,2386,1958
35-50,43B,OTH,49,27
35-50,43B,REP,375,287
35-50,43B,UNA,649,430
35-50,44A,DEM,2119,1466
35-50,44A,OTH,96,47
35-50,44A,REP,675,483
35-50,44A,UNA,897,484
35-50,44B,DEM,5734,4264
35-50,44B,OTH,168,82
35-50,44B,REP,846,620
35-50,44B,UNA,1460,819
35-50,45,DEM,10694,6707
35-50,45,OTH,316,111
35-50,45,REP,603,267
35-50,45,UNA,1993,877
35-50,46,DEM,8769,5488
35-50,46,OTH,269,87
35-50,46,REP,1226,516
35-50,46,UNA,2712,1170
35-50,47A,DEM,5015,3069
35-50,47A,OTH,195,61
35-50,47A,REP,362,193
35-50,47A,UNA,1212,578
35-50,47B,DEM,1245,679
35-50,47B,OTH,65,12
35-50,47B,REP,124,66
35-50,47B,UNA,340,140
35-50,36,DEM,629,429
35-50,36,OTH,86,57
35-50,36,REP,1820,1494
35-50,36,UNA,920,608
35-50,01A,DEM,487,312
35-50,01A,OTH,86,43
35-50,01A,REP,2183,1568
35-50,01A,UNA,776,375
35-50,01B,DEM,868,489
35-50,01B,OTH,138,53
35-50,01B,REP,1804,1220
35-50,01B,UNA,1067,517
35-50,01C,DEM,647,375
35-50,01C,OTH,107,53
35-50,01C,REP,1923,1392
35-50,01C,UNA,984,518
35-50,02A,DEM,1577,1073
35-50,02A,OTH,172,99
35-50,02A,REP,3505,2681
35-50,02A,UNA,2276,1338
35-50,02B,DEM,1275,624
35-50,02B,OTH,117,44
35-50,02B,REP,1049,598
35-50,02B,UNA,1170,482
35-50,03,DEM,5256,3729
35-50,03,OTH,334,170
35-50,03,REP,3051,2125
35-50,03,UNA,4409,2709
35-50,04,DEM,3564,2801
35-50,04,OTH,313,211
35-50,04,REP,5473,4430
35-50,04,UNA,4455,3036
35-50,05,DEM,2582,1932
35-50,05,OTH,369,248
35-50,05,REP,6100,4865
35-50,05,UNA,3923,2596
35-50,06,DEM,3567,1685
35-50,06,OTH,385,150
35-50,06,REP,3409,2306
35-50,06,UNA,3138,1448
35-50,07A,DEM,2639,1845
35-50,07A,OTH,211,116
35-50,07A,REP,2802,2147
35-50,07A,UNA,2332,1390
35-50,07B,DEM,966,720
35-50,07B,OTH,110,73
35-50,07B,REP,2194,1801
35-50,07B,UNA,1309,895
35-50,08,DEM,5054,2941
35-50,08,OTH,332,161
35-50,08,REP,2374,1580
35-50,08,UNA,3165,1599
35-50,09A,DEM,2832,2227
35-50,09A,OTH,144,77
35-50,09A,REP,2290,1796
35-50,09A,UNA,2890,2073
35-50,09B,DEM,1495,1164
35-50,09B,OTH,64,34
35-50,09B,REP,636,473
35-50,09B,UNA,1299,904
35-50,10,DEM,5436,3408
35-50,10,OTH,259,112
35-50,10,REP,1399,937
35-50,10,UNA,2694,1422
35-50,11A,DEM,1683,1107
35-50,11A,OTH,71,31
35-50,11A,REP,390,263
35-50,11A,UNA,822,476
35-50,11B,DEM,3255,2366
35-50,11B,OTH,167,99
35-50,11B,REP,1647,1232
35-50,11B,UNA,1945,1245
35-50,12A,DEM,3936,2941
35-50,12A,OTH,194,90
35-50,12A,REP,1371,1004
35-50,12A,UNA,2732,1755
35-50,12B,DEM,1439,736
35-50,12B,OTH,140,63
35-50,12B,REP,1028,633
35-50,12B,UNA,1223,604
35-50,13,DEM,5916,4461
35-50,13,OTH,295,163
35-50,13,REP,2013,1465
35-50,13,UNA,4247,2840
35-50,14,DEM,5108,3699
35-50,14,OTH,232,134
35-50,14,REP,2010,1429
35-50,14,UNA,3404,2130
35-50,15,DEM,5204,3900
35-50,15,OTH,228,126
35-50,15,REP,1901,1383
35-50,15,UNA,4164,2760
35-50,16,DEM,5423,4270
35-50,16,OTH,149,69
35-50,16,REP,1549,1117
35-50,16,UNA,3661,2548
35-50,17,DEM,5042,3686
35-50,17,OTH,233,122
35-50,17,REP,1287,882
35-50,17,UNA,3489,2160
35-50,18,DEM,6058,4674
35-50,18,OTH,201,105
35-50,18,REP,1323,944
35-50,18,UNA,3159,2051
35-50,19,DEM,4874,3459
35-50,19,OTH,192,107
35-50,19,REP,1492,1020
35-50,19,UNA,2937,1819
35-50,20,DEM,6530,4691
35-50,20,OTH,219,101
35-50,20,REP,915,595
35-50,20,UNA,2912,1728
35-50,21,DEM,5363,3024
35-50,21,OTH,398,91
35-50,21,REP,1581,886
35-50,21,UNA,3225,1570
35-50,22,DEM,6148,3365
35-50,22,OTH,327,81
35-50,22,REP,823,439
35-50,22,UNA,2554,1165
35-50,23,DEM,7647,4781
35-50,23,OTH,350,125
35-50,23,REP,1264,701
35-50,23,UNA,3266,1752
35-50,24,DEM,8056,3988
35-50,24,OTH,394,95
35-50,24,REP,744,340
35-50,24,UNA,2681,1183
35-50,25,DEM,8748,4401
35-50,25,OTH,390,94
35-50,25,REP,663,301
35-50,25,UNA,2699,1152
35-50,26,DEM,7963,3839
35-50,26,OTH,366,91
35-50,26,REP,758,346
35-50,26,UNA,2976,1199
35-50,27A,DEM,2574,1577
35-50,27A,OTH,117,45
35-50,27A,REP,511,308
35-50,27A,UNA,1057,543
35-50,27B,DEM,1926,1232
35-50,27B,OTH,136,61
35-50,27B,REP,1233,910
35-50,27B,UNA,1297,799
35-50,27C,DEM,1055,669
35-50,27C,OTH,113,74
35-50,27C,REP,2045,1630
35-50,27C,UNA,1296,856
35-50,28,DEM,6697,4395
35-50,28,OTH,293,142
35-50,28,REP,2552,1826
35-50,28,UNA,3797,2138
35-50,29A,DEM,774,509
35-50,29A,OTH,108,64
35-50,29A,REP,2196,1775
35-50,29A,UNA,1188,749
35-50,29B,DEM,1225,737
35-50,29B,OTH,120,58
35-50,29B,REP,1203,869
35-50,29B,UNA,1209,678
35-50,29C,DEM,983,649
35-50,29C,OTH,132,69
35-50,29C,REP,1900,1450
35-50,29C,UNA,1339,848
35-50,30A,DEM,2538,1747
35-50,30A,OTH,174,80
35-50,30A,REP,1849,1362
35-50,30A,UNA,2122,1234
35-50,30B,DEM,936,644
35-50,30B,OTH,100,51
35-50,30B,REP,1643,1294
35-50,30B,UNA,1200,780
35-50,31,DEM,3814,2697
35-50,31,OTH,392,218
35-50,31,REP,5321,4157
35-50,31,UNA,4480,2832
35-50,32,DEM,5063,3141
35-50,32,OTH,349,159
35-50,32,REP,2552,1691
35-50,32,UNA,3982,2104
35-50,33A,DEM,1706,1198
35-50,33A,OTH,98,56
35-50,33A,REP,937,650
35-50,33A,UNA,1520,960
35-50,33B,DEM,1345,1046
35-50,33B,OTH,100,66
35-50,33B,REP,1576,1236
35-50,33B,UNA,1537,1092
35-50,33C,DEM,1400,1078
35-50,33C,OTH,124,84
35-50,33C,REP,1629,1282
35-50,33C,UNA,1522,1099
35-50,34A,DEM,3038,1844
35-50,34A,OTH,287,152
35-50,34A,REP,2178,1507
35-50,34A,UNA,2629,1394
35-50,34B,DEM,1111,825
35-50,34B,OTH,109,73
35-50,34B,REP,1790,1429
35-50,34B,UNA,1343,894
35-50,35A,DEM,1471,1127
35-50,35A,OTH,227,144
35-50,35A,REP,4462,3718
35-50,35A,UNA,2335,1627
35-50,35B,DEM,716,428
35-50,35B,OTH,134,66
35-50,35B,REP,2219,1734
35-50,35B,UNA,1146,597
35-50,36,DEM,1787,978
35-50,36,OTH,243,122
35-50,36,REP,3651,2765
35-50,36,UNA,2162,1168
35-50,37A,DEM,1391,553
35-50,37A,OTH,106,36
35-50,37A,REP,803,516
35-50,37A,UNA,844,333
35-50,37B,DEM,1683,997
35-50,37B,OTH,219,114
35-50,37B,REP,3434,2712
35-50,37B,UNA,1877,1070
35-50,38A,DEM,1042,521
35-50,38A,OTH,88,33
35-50,38A,REP,1569,1138
35-50,38A,UNA,939,468
35-50,38B,DEM,1058,615
35-50,38B,OTH,96,41
35-50,38B,REP,1030,689
35-50,38B,UNA,931,492
35-50,38C,DEM,718,415
35-50,38C,OTH,115,55
35-50,38C,REP,1744,1308
35-50,38C,UNA,1120,621
35-50,39,DEM,4780,3166
35-50,39,OTH,263,123
35-50,39,REP,1500,994
35-50,39,UNA,3414,1922
35-50,40,DEM,8430,3729
35-50,40,OTH,402,87
35-50,40,REP,858,296
35-50,40,UNA,2753,892
35-50,41,DEM,7167,3652
35-50,41,OTH,280,91
35-50,41,REP,986,454
35-50,41,UNA,2283,899
35-50,42A,DEM,1048,843
35-50,42A,OTH,112,70
35-50,42A,REP,1808,1488
35-50,42A,UNA,1183,845
35-50,42B,DEM,1526,1079
35-50,42B,OTH,90,46
35-50,42B,REP,795,589
35-50,42B,UNA,1034,656
35-50,42C,DEM,740,546
35-50,42C,OTH,115,68
35-50,42C,REP,2110,1730
35-50,42C,UNA,1237,799
35-50,43A,DEM,5431,2829
35-50,43A,OTH,215,59
35-50,43A,REP,468,181
35-50,43A,UNA,1641,626
35-50,43B,DEM,1586,1213
35-50,43B,OTH,74,32
35-50,43B,REP,477,353
35-50,43B,UNA,880,556
35-50,44A,DEM,1432,901
35-50,44A,OTH,131,54
35-50,44A,REP,861,566
35-50,44A,UNA,956,492
35-50,44B,DEM,3953,2310
35-50,44B,OTH,184,76
35-50,44B,REP,1112,734
35-50,44B,UNA,1860,947
35-50,45,DEM,7556,3371
35-50,45,OTH,368,107
35-50,45,REP,868,334
35-50,45,UNA,2485,910
35-50,46,DEM,7130,4208
35-50,46,OTH,360,132
35-50,46,REP,1710,785
35-50,46,UNA,3554,1482
35-50,47A,DEM,4021,1950
35-50,47A,OTH,222,66
35-50,47A,REP,521,263
35-50,47A,UNA,1513,593
35-50,47B,DEM,1006,455
35-50,47B,OTH,80,19
35-50,47B,REP,164,77
35-50,47B,UNA,501,186
51-64,36,DEM,1233,1032
51-64,36,OTH,37,25
51-64,36,REP,2332,2053
51-64,36,UNA,734,553
51-64,01A,DEM,659,504
51-64,01A,OTH,49,29
51-64,01A,REP,2538,2122
51-64,01A,UNA,478,299
51-64,01B,DEM,1044,747
51-64,01B,OTH,53,26
51-64,01B,REP,2112,1717
51-64,01B,UNA,638,387
51-64,01C,DEM,855,637
51-64,01C,OTH,35,22
51-64,01C,REP,2397,2041
51-64,01C,UNA,647,422
51-64,02A,DEM,2240,1852
51-64,02A,OTH,87,54
51-64,02A,REP,4172,3596
51-64,02A,UNA,1498,1102
51-64,02B,DEM,1400,951
51-64,02B,OTH,39,23
51-64,02B,REP,1063,783
51-64,02B,UNA,606,330
51-64,03,DEM,5424,4435
51-64,03,OTH,106,67
51-64,03,REP,2908,2340
51-64,03,UNA,2203,1509
51-64,04,DEM,4359,3766
51-64,04,OTH,94,69
51-64,04,REP,5907,5114
51-64,04,UNA,2694,2109
51-64,05,DEM,3420,2958
51-64,05,OTH,146,105
51-64,05,REP,6780,5945
51-64,05,UNA,2381,1823
51-64,06,DEM,4380,3073
51-64,06,OTH,170,81
51-64,06,REP,3654,2920
51-64,06,UNA,1656,948
51-64,07A,DEM,2913,2352
51-64,07A,OTH,86,64
51-64,07A,REP,3258,2819
51-64,07A,UNA,1256,904
51-64,07B,DEM,1221,1024
51-64,07B,OTH,47,30
51-64,07B,REP,2283,1999
51-64,07B,UNA,699,543
51-64,08,DEM,5849,4545
51-64,08,OTH,120,80
51-64,08,REP,2491,1965
51-64,08,UNA,1589,1011
51-64,09A,DEM,3733,3213
51-64,09A,OTH,93,68
51-64,09A,REP,2936,2537
51-64,09A,UNA,2022,1599
51-64,09B,DEM,1841,1589
51-64,09B,OTH,44,32
51-64,09B,REP,851,691
51-64,09B,UNA,874,692
51-64,10,DEM,8399,7029
51-64,10,OTH,128,77
51-64,10,REP,1599,1314
51-64,10,UNA,1505,1028
51-64,11A,DEM,2583,2189
51-64,11A,OTH,41,29
51-64,11A,REP,441,355
51-64,11A,UNA,483,326
51-64,11B,DEM,4234,3678
51-64,11B,OTH,66,45
51-64,11B,REP,1893,1597
51-64,11B,UNA,1254,895
51-64,12A,DEM,4621,3936
51-64,12A,OTH,101,63
51-64,12A,REP,1579,1338
51-64,12A,UNA,1514,1080
51-64,12B,DEM,1743,1273
51-64,12B,OTH,47,24
51-64,12B,REP,963,728
51-64,12B,UNA,630,365
51-64,13,DEM,6590,5695
51-64,13,OTH,134,96
51-64,13,REP,2091,1720
51-64,13,UNA,2168,1608
51-64,14,DEM,7186,6066
51-64,14,OTH,118,74
51-64,14,REP,2495,2050
51-64,14,UNA,2298,1640
51-64,15,DEM,7088,5971
51-64,15,OTH,167,111
51-64,15,REP,2428,1945
51-64,15,UNA,3396,2497
51-64,16,DEM,7744,6790
51-64,16,OTH,119,84
51-64,16,REP,1638,1313
51-64,16,UNA,2681,2050
51-64,17,DEM,5852,4806
51-64,17,OTH,148,88
51-64,17,REP,1529,1162
51-64,17,UNA,2352,1602
51-64,18,DEM,6686,5687
51-64,18,OTH,106,73
51-64,18,REP,1223,928
51-64,18,UNA,1809,1313
51-64,19,DEM,6004,4900
51-64,19,OTH,107,73
51-64,19,REP,1516,1198
51-64,19,UNA,1982,1392
51-64,20,DEM,6931,5635
51-64,20,OTH,99,51
51-64,20,REP,720,528
51-64,20,UNA,1337,827
51-64,21,DEM,5925,4472
51-64,21,OTH,226,81
51-64,21,REP,1260,927
51-64,21,UNA,1377,885
51-64,22,DEM,6826,4958
51-64,22,OTH,226,61
51-64,22,REP,556,353
51-64,22,UNA,1080,623
51-64,23,DEM,12655,10429
51-64,23,OTH,277,111
51-64,23,REP,1311,927
51-64,23,UNA,1722,1185
51-64,24,DEM,11694,8648
51-64,24,OTH,278,67
51-64,24,REP,550,323
51-64,24,UNA,1156,672
51-64,25,DEM,12954,9839
51-64,25,OTH,246,71
51-64,25,REP,460,247
51-64,25,UNA,1059,622
51-64,26,DEM,11368,8395
51-64,26,OTH,259,78
51-64,26,REP,683,390
51-64,26,UNA,1170,686
51-64,27A,DEM,3980,3315
51-64,27A,OTH,54,28
51-64,27A,REP,669,521
51-64,27A,UNA,566,377
51-64,27B,DEM,3141,2603
51-64,27B,OTH,80,36
51-64,27B,REP,1365,1161
51-64,27B,UNA,775,558
51-64,27C,DEM,1674,1433
51-64,27C,OTH,41,31
51-64,27C,REP,2245,1970
51-64,27C,UNA,803,625
51-64,28,DEM,10073,8583
51-64,28,OTH,130,83
51-64,28,REP,3068,2552
51-64,28,UNA,2078,1462
51-64,29A,DEM,1263,1029
51-64,29A,OTH,41,29
51-64,29A,REP,2324,2040
51-64,29A,UNA,715,527
51-64,29B,DEM,1493,1141
51-64,29B,OTH,34,19
51-64,29B,REP,1151,938
51-64,29B,UNA,561,394
51-64,29C,DEM,1450,1204
51-64,29C,OTH,74,52
51-64,29C,REP,2208,1925
51-64,29C,UNA,822,614
51-64,30A,DEM,3682,3188
51-64,30A,OTH,78,54
51-64,30A,REP,2252,1898
51-64,30A,UNA,1431,1088
51-64,30B,DEM,1478,1296
51-64,30B,OTH,39,28
51-64,30B,REP,1946,1672
51-64,30B,UNA,928,703
51-64,31,DEM,4190,3433
51-64,31,OTH,111,61
51-64,31,REP,5719,4839
51-64,31,UNA,2460,1808
51-64,32,DEM,6054,4805
51-64,32,OTH,138,78
51-64,32,REP,2517,1941
51-64,32,UNA,1864,1244
51-64,33A,DEM,2006,1651
51-64,33A,OTH,51,37
51-64,33A,REP,922,747
51-64,33A,UNA,772,563
51-64,33B,DEM,1686,1492
51-64,33B,OTH,47,39
51-64,33B,REP,1858,1638
51-64,33B,UNA,920,741
51-64,33C,DEM,1662,1470
51-64,33C,OTH,49,39
51-64,33C,REP,1631,1416
51-64,33C,UNA,831,675
51-64,34A,DEM,3933,3123
51-64,34A,OTH,92,54
51-64,34A,REP,2469,1999
51-64,34A,UNA,1415,935
51-64,34B,DEM,1382,1179
51-64,34B,OTH,34,22
51-64,34B,REP,1995,1764
51-64,34B,UNA,771,586
51-64,35A,DEM,2113,1857
51-64,35A,OTH,100,70
51-64,35A,REP,5327,4799
51-64,35A,UNA,1424,1126
51-64,35B,DEM,1052,800
51-64,35B,OTH,49,34
51-64,35B,REP,2408,2081
51-64,35B,UNA,746,505
51-64,36,DEM,2876,2195
51-64,36,OTH,114,85
51-64,36,REP,4224,3604
51-64,36,UNA,1679,1166
51-64,37A,DEM,2021,1425
51-64,37A,OTH,55,23
51-64,37A,REP,833,652
51-64,37A,UNA,459,273
51-64,37B,DEM,2876,2366
51-64,37B,OTH,88,57
51-64,37B,REP,4270,3690
51-64,37B,UNA,1457,1058
51-64,38A,DEM,1633,1247
51-64,38A,OTH,42,25
51-64,38A,REP,1853,1578
51-64,38A,UNA,625,409
51-64,38B,DEM,1379,1039
51-64,38B,OTH,56,34
51-64,38B,REP,1050,843
51-64,38B,UNA,559,358
51-64,38C,DEM,1342,1057
51-64,38C,OTH,78,56
51-64,38C,REP,2642,2233
51-64,38C,UNA,901,625
51-64,39,DEM,6492,5166
51-64,39,OTH,145,94
51-64,39,REP,1714,1323
51-64,39,UNA,2304,1557
51-64,40,DEM,7817,4650
51-64,40,OTH,113,32
51-64,40,REP,525,254
51-64,40,UNA,900,366
51-64,41,DEM,8865,6371
51-64,41,OTH,98,44
51-64,41,REP,635,374
51-64,41,UNA,889,461
51-64,42A,DEM,1409,1258
51-64,42A,OTH,46,38
51-64,42A,REP,2092,1851
51-64,42A,UNA,719,586
51-64,42B,DEM,1593,1321
51-64,42B,OTH,44,33
51-64,42B,REP,991,850
51-64,42B,UNA,582,425
51-64,42C,DEM,1033,903
51-64,42C,OTH,41,28
51-64,42C,REP,2634,2308
51-64,42C,UNA,743,567
51-64,43A,DEM,5678,4049
51-64,43A,OTH,59,23
51-64,43A,REP,259,126
51-64,43A,UNA,576,303
51-64,43B,DEM,1794,1532
51-64,43B,OTH,24,20
51-64,43B,REP,451,369
51-64,43B,UNA,397,294
51-64,44A,DEM,1416,1070
51-64,44A,OTH,40,26
51-64,44A,REP,685,522
51-64,44A,UNA,477,307
51-64,44B,DEM,5516,4503
51-64,44B,OTH,94,51
51-64,44B,REP,990,777
51-64,44B,UNA,915,611
51-64,45,DEM,9143,6279
51-64,45,OTH,122,54
51-64,45,REP,628,309
51-64,45,UNA,933,454
51-64,46,DEM,4535,2864
51-64,46,OTH,76,32
51-64,46,REP,855,464
51-64,46,UNA,987,452
51-64,47A,DEM,4294,2887
51-64,47A,OTH,136,38
51-64,47A,REP,260,154
51-64,47A,UNA,560,306
51-64,47B,DEM,1029,667
51-64,47B,OTH,53,14
51-64,47B,REP,121,70
51-64,47B,UNA,194,88
51-64,36,DEM,747,586
51-64,36,OTH,66,48
51-64,36,REP,2363,2035
51-64,36,UNA,813,610
51-64,01A,DEM,440,319
51-64,01A,OTH,47,28
51-64,01A,REP,2545,2069
51-64,01A,UNA,444,293
51-64,01B,DEM,781,518
51-64,01B,OTH,61,34
51-64,01B,REP,2049,1600
51-64,01B,UNA,626,368
51-64,01C,DEM,626,456
51-64,01C,OTH,39,25
51-64,01C,REP,2483,2051
51-64,01C,UNA,615,413
51-64,02A,DEM,1482,1153
51-64,02A,OTH,107,73
51-64,02A,REP,4413,3723
51-64,02A,UNA,1537,1153
51-64,02B,DEM,1050,631
51-64,02B,OTH,55,25
51-64,02B,REP,1069,730
51-64,02B,UNA,626,336
51-64,03,DEM,3686,2799
51-64,03,OTH,157,91
51-64,03,REP,3170,2442
51-64,03,UNA,2542,1797
51-64,04,DEM,2869,2434
51-64,04,OTH,160,106
51-64,04,REP,6438,5495
51-64,04,UNA,3138,2446
51-64,05,DEM,2144,1760
51-64,05,OTH,208,142
51-64,05,REP,7099,6125
51-64,05,UNA,2608,1997
51-64,06,DEM,3249,2009
51-64,06,OTH,155,78
51-64,06,REP,3905,2921
51-64,06,UNA,1757,1007
51-64,07A,DEM,2013,1523
51-64,07A,OTH,122,84
51-64,07A,REP,3278,2718
51-64,07A,UNA,1417,1017
51-64,07B,DEM,820,661
51-64,07B,OTH,79,59
51-64,07B,REP,2359,2080
51-64,07B,UNA,828,613
51-64,08,DEM,3850,2628
51-64,08,OTH,163,91
51-64,08,REP,2614,1986
51-64,08,UNA,1675,1072
51-64,09A,DEM,2668,2249
51-64,09A,OTH,110,76
51-64,09A,REP,3205,2732
51-64,09A,UNA,2457,2017
51-64,09B,DEM,1338,1106
51-64,09B,OTH,42,30
51-64,09B,REP,997,842
51-64,09B,UNA,1112,872
51-64,10,DEM,5411,4149
51-64,10,OTH,159,94
51-64,10,REP,1792,1395
51-64,10,UNA,1800,1233
51-64,11A,DEM,1532,1179
51-64,11A,OTH,43,20
51-64,11A,REP,477,374
51-64,11A,UNA,557,390
51-64,11B,DEM,2790,2261
51-64,11B,OTH,95,60
51-64,11B,REP,1923,1620
51-64,11B,UNA,1341,983
51-64,12A,DEM,2942,2418
51-64,12A,OTH,98,72
51-64,12A,REP,1773,1465
51-64,12A,UNA,1726,1289
51-64,12B,DEM,1241,789
51-64,12B,OTH,60,24
51-64,12B,REP,1091,748
51-64,12B,UNA,676,377
51-64,13,DEM,4500,3666
51-64,13,OTH,179,105
51-64,13,REP,2445,1991
51-64,13,UNA,2761,2091
51-64,14,DEM,4846,3898
51-64,14,OTH,154,100
51-64,14,REP,2706,2163
51-64,14,UNA,2690,2014
51-64,15,DEM,4815,4023
51-64,15,OTH,185,127
51-64,15,REP,2751,2237
51-64,15,UNA,3918,2921
51-64,16,DEM,5306,4640
51-64,16,OTH,114,83
51-64,16,REP,2095,1655
51-64,16,UNA,3175,2482
51-64,17,DEM,3999,3129
51-64,17,OTH,144,81
51-64,17,REP,1712,1245
51-64,17,UNA,2588,1853
51-64,18,DEM,4931,3975
51-64,18,OTH,135,90
51-64,18,REP,1534,1162
51-64,18,UNA,2247,1628
51-64,19,DEM,3997,3079
51-64,19,OTH,127,81
51-64,19,REP,1695,1285
51-64,19,UNA,2326,1603
51-64,20,DEM,5045,3897
51-64,20,OTH,146,80
51-64,20,REP,934,658
51-64,20,UNA,1877,1217
51-64,21,DEM,4251,2937
51-64,21,OTH,311,100
51-64,21,REP,1593,1114
51-64,21,UNA,1666,1042
51-64,22,DEM,4926,3111
51-64,22,OTH,270,87
51-64,22,REP,695,390
51-64,22,UNA,1336,723
51-64,23,DEM,8617,6638
51-64,23,OTH,306,134
51-64,23,REP,1491,1009
51-64,23,UNA,2074,1387
51-64,24,DEM,8217,5257
51-64,24,OTH,297,83
51-64,24,REP,661,356
51-64,24,UNA,1512,829
51-64,25,DEM,8888,5874
51-64,25,OTH,276,72
51-64,25,REP,583,300
51-64,25,UNA,1428,787
51-64,26,DEM,8439,5432
51-64,26,OTH,302,85
51-64,26,REP,751,405
51-64,26,UNA,1644,823
51-64,27A,DEM,2866,2227
51-64,27A,OTH,64,22
51-64,27A,REP,723,548
51-64,27A,UNA,702,442
51-64,27B,DEM,2225,1691
51-64,27B,OTH,103,50
51-64,27B,REP,1409,1162
51-64,27B,UNA,858,614
51-64,27C,DEM,1162,904
51-64,27C,OTH,63,45
51-64,27C,REP,2323,2009
51-64,27C,UNA,829,648
51-64,28,DEM,7184,5603
51-64,28,OTH,150,94
51-64,28,REP,3170,2538
51-64,28,UNA,2287,1583
51-64,29A,DEM,961,681
51-64,29A,OTH,63,40
51-64,29A,REP,2408,2072
51-64,29A,UNA,778,586
51-64,29B,DEM,970,687
51-64,29B,OTH,52,36
51-64,29B,REP,1257,1006
51-64,29B,UNA,666,458
51-64,29C,DEM,950,780
51-64,29C,OTH,52,38
51-64,29C,REP,2400,2078
51-64,29C,UNA,866,662
51-64,30A,DEM,2303,1819
51-64,30A,OTH,101,70
51-64,30A,REP,2377,1933
51-64,30A,UNA,1631,1193
51-64,30B,DEM,954,763
51-64,30B,OTH,49,35
51-64,30B,REP,2071,1745
51-64,30B,UNA,925,696
51-64,31,DEM,2959,2274
51-64,31,OTH,169,117
51-64,31,REP,5992,4954
51-64,31,UNA,2597,1909
51-64,32,DEM,4066,2893
51-64,32,OTH,145,80
51-64,32,REP,2732,2042
51-64,32,UNA,2112,1365
51-64,33A,DEM,1167,935
51-64,33A,OTH,47,39
51-64,33A,REP,1024,829
51-64,33A,UNA,854,628
51-64,33B,DEM,1165,988
51-64,33B,OTH,70,49
51-64,33B,REP,1999,1700
51-64,33B,UNA,1105,882
51-64,33C,DEM,1063,919
51-64,33C,OTH,55,44
51-64,33C,REP,1781,1510
51-64,33C,UNA,1027,810
51-64,34A,DEM,2795,2040
51-64,34A,OTH,148,77
51-64,34A,REP,2538,2014
51-64,34A,UNA,1425,951
51-64,34B,DEM,909,708
51-64,34B,OTH,55,41
51-64,34B,REP,1999,1724
51-64,34B,UNA,831,626
51-64,35A,DEM,1341,1100
51-64,35A,OTH,107,73
51-64,35A,REP,5346,4746
51-64,35A,UNA,1604,1247
51-64,35B,DEM,815,548
51-64,35B,OTH,73,50
51-64,35B,REP,2399,2001
51-64,35B,UNA,739,471
51-64,36,DEM,1951,1372
51-64,36,OTH,137,74
51-64,36,REP,4451,3697
51-64,36,UNA,1635,1074
51-64,37A,DEM,1469,820
51-64,37A,OTH,58,23
51-64,37A,REP,820,600
51-64,37A,UNA,499,254
51-64,37B,DEM,1915,1443
51-64,37B,OTH,121,79
51-64,37B,REP,4269,3641
51-64,37B,UNA,1431,986
51-64,38A,DEM,1075,703
51-64,38A,OTH,62,40
51-64,38A,REP,1947,1605
51-64,38A,UNA,581,368
51-64,38B,DEM,976,661
51-64,38B,OTH,37,22
51-64,38B,REP,1008,799
51-64,38B,UNA,501,327
51-64,38C,DEM,876,615
51-64,38C,OTH,106,71
51-64,38C,REP,2763,2248
51-64,38C,UNA,969,685
51-64,39,DEM,4474,3379
51-64,39,OTH,142,83
51-64,39,REP,1807,1357
51-64,39,UNA,2690,1852
51-64,40,DEM,6804,3222
51-64,40,OTH,187,67
51-64,40,REP,800,334
51-64,40,UNA,1291,521
51-64,41,DEM,6754,4097
51-64,41,OTH,126,49
51-64,41,REP,781,429
51-64,41,UNA,1211,549
51-64,42A,DEM,888,757
51-64,42A,OTH,58,42
51-64,42A,REP,2201,1919
51-64,42A,UNA,854,692
51-64,42B,DEM,1102,860
51-64,42B,OTH,47,31
51-64,42B,REP,1029,858
51-64,42B,UNA,650,485
51-64,42C,DEM,615,507
51-64,42C,OTH,57,37
51-64,42C,REP,2773,2380
51-64,42C,UNA,761,588
51-64,43A,DEM,4289,2521
51-64,43A,OTH,98,41
51-64,43A,REP,372,175
51-64,43A,UNA,800,360
51-64,43B,DEM,1169,953
51-64,43B,OTH,40,31
51-64,43B,REP,563,441
51-64,43B,UNA,515,383
51-64,44A,DEM,1033,701
51-64,44A,OTH,55,31
51-64,44A,REP,796,576
51-64,44A,UNA,532,317
51-64,44B,DEM,3824,2748
51-64,44B,OTH,113,52
51-64,44B,REP,1106,838
51-64,44B,UNA,1120,694
51-64,45,DEM,6507,3515
51-64,45,OTH,163,63
51-64,45,REP,880,410
51-64,45,UNA,1135,475
51-64,46,DEM,3903,2154
51-64,46,OTH,140,50
51-64,46,REP,1179,596
51-64,46,UNA,1368,605
51-64,47A,DEM,3364,1931
51-64,47A,OTH,168,58
51-64,47A,REP,348,187
51-64,47A,UNA,719,350
51-64,47B,DEM,918,529
51-64,47B,OTH,59,12
51-64,47B,REP,145,70
51-64,47B,UNA,242,112
65+,36,DEM,2028,1707
65+,36,OTH,46,36
65+,36,REP,2355,2049
65+,36,UNA,584,469
65+,01A,DEM,1326,1051
65+,01A,OTH,39,29
65+,01A,REP,3233,2713
65+,01A,UNA,369,295
65+,01B,DEM,1913,1445
65+,01B,OTH,48,32
65+,01B,REP,2946,2414
65+,01B,UNA,496,340
65+,01C,DEM,1499,1159
65+,01C,OTH,36,20
65+,01C,REP,2732,2320
65+,01C,UNA,513,343
65+,02A,DEM,3233,2605
65+,02A,OTH,80,59
65+,02A,REP,4524,3895
65+,02A,UNA,1119,827
65+,02B,DEM,1465,1113
65+,02B,OTH,20,12
65+,02B,REP,1201,937
65+,02B,UNA,419,262
65+,03,DEM,5883,4809
65+,03,OTH,78,56
65+,03,REP,3250,2536
65+,03,UNA,1618,1140
65+,04,DEM,5266,4478
65+,04,OTH,76,50
65+,04,REP,5645,4840
65+,04,UNA,1890,1488
65+,05,DEM,4854,4066
65+,05,OTH,116,80
65+,05,REP,6979,6024
65+,05,UNA,1692,1261
65+,06,DEM,5535,3792
65+,06,OTH,119,75
65+,06,REP,4023,3245
65+,06,UNA,1130,669
65+,07A,DEM,4838,3940
65+,07A,OTH,92,65
65+,07A,REP,4529,3893
65+,07A,UNA,1111,841
65+,07B,DEM,1879,1600
65+,07B,OTH,64,45
65+,07B,REP,2654,2340
65+,07B,UNA,577,471
65+,08,DEM,6139,4728
65+,08,OTH,102,61
65+,08,REP,3179,2524
65+,08,UNA,1105,724
65+,09A,DEM,3965,3348
65+,09A,OTH,87,61
65+,09A,REP,2861,2414
65+,09A,UNA,1330,1003
65+,09B,DEM,2549,2166
65+,09B,OTH,46,35
65+,09B,REP,1170,942
65+,09B,UNA,722,539
65+,10,DEM,9063,7586
65+,10,OTH,114,80
65+,10,REP,2006,1623
65+,10,UNA,1040,732
65+,11A,DEM,2863,2387
65+,11A,OTH,42,28
65+,11A,REP,483,362
65+,11A,UNA,345,231
65+,11B,DEM,7890,6834
65+,11B,OTH,116,89
65+,11B,REP,2950,2442
65+,11B,UNA,1239,942
65+,12A,DEM,5133,4313
65+,12A,OTH,80,59
65+,12A,REP,1446,1147
65+,12A,UNA,1044,780
65+,12B,DEM,1956,1403
65+,12B,OTH,32,12
65+,12B,REP,1118,818
65+,12B,UNA,456,270
65+,13,DEM,6412,5312
65+,13,OTH,88,57
65+,13,REP,2074,1659
65+,13,UNA,1572,1132
65+,14,DEM,8923,7452
65+,14,OTH,111,64
65+,14,REP,2894,2281
65+,14,UNA,1941,1345
65+,15,DEM,7119,5833
65+,15,OTH,142,81
65+,15,REP,2421,1827
65+,15,UNA,2432,1583
65+,16,DEM,11440,9913
65+,16,OTH,136,88
65+,16,REP,2357,1802
65+,16,UNA,2580,1884
65+,17,DEM,7920,6314
65+,17,OTH,117,76
65+,17,REP,1979,1397
65+,17,UNA,2111,1316
65+,18,DEM,8351,6778
65+,18,OTH,102,64
65+,18,REP,1538,1122
65+,18,UNA,1548,1034
65+,19,DEM,10426,8494
65+,19,OTH,132,83
65+,19,REP,2680,2036
65+,19,UNA,2288,1553
65+,20,DEM,7912,6384
65+,20,OTH,71,35
65+,20,REP,922,629
65+,20,UNA,1149,739
65+,21,DEM,7431,5638
65+,21,OTH,199,86
65+,21,REP,1805,1275
65+,21,UNA,1211,796
65+,22,DEM,7646,5541
65+,22,OTH,185,64
65+,22,REP,768,503
65+,22,UNA,773,485
65+,23,DEM,10946,8684
65+,23,OTH,234,109
65+,23,REP,1737,1228
65+,23,UNA,1057,699
65+,24,DEM,13433,10042
65+,24,OTH,228,74
65+,24,REP,684,423
65+,24,UNA,729,396
65+,25,DEM,13466,10087
65+,25,OTH,182,52
65+,25,REP,569,338
65+,25,UNA,564,307
65+,26,DEM,14196,10585
65+,26,OTH,232,72
65+,26,REP,947,566
65+,26,UNA,805,446
65+,27A,DEM,2835,2199
65+,27A,OTH,42,17
65+,27A,REP,667,504
65+,27A,UNA,284,184
65+,27B,DEM,3062,2432
65+,27B,OTH,67,33
65+,27B,REP,1360,1068
65+,27B,UNA,468,366
65+,27C,DEM,2066,1753
65+,27C,OTH,26,19
65+,27C,REP,1774,1542
65+,27C,UNA,458,359
65+,28,DEM,7839,6256
65+,28,OTH,71,36
65+,28,REP,2989,2432
65+,28,UNA,1129,763
65+,29A,DEM,1736,1387
65+,29A,OTH,33,22
65+,29A,REP,1883,1620
65+,29A,UNA,439,319
65+,29B,DEM,1443,1118
65+,29B,OTH,28,16
65+,29B,REP,910,744
65+,29B,UNA,352,247
65+,29C,DEM,1927,1623
65+,29C,OTH,41,29
65+,29C,REP,1873,1593
65+,29C,UNA,580,432
65+,30A,DEM,6215,5387
65+,30A,OTH,76,56
65+,30A,REP,3083,2560
65+,30A,UNA,1567,1284
65+,30B,DEM,2253,1899
65+,30B,OTH,50,38
65+,30B,REP,1882,1585
65+,30B,UNA,693,545
65+,31,DEM,4973,3981
65+,31,OTH,82,57
65+,31,REP,5396,4495
65+,31,UNA,1588,1187
65+,32,DEM,5122,3899
65+,32,OTH,88,54
65+,32,REP,2688,2087
65+,32,UNA,1188,749
65+,33A,DEM,1702,1390
65+,33A,OTH,30,19
65+,33A,REP,950,766
65+,33A,UNA,514,379
65+,33B,DEM,2099,1828
65+,33B,OTH,28,20
65+,33B,REP,1965,1672
65+,33B,UNA,645,534
65+,33C,DEM,2223,1932
65+,33C,OTH,38,27
65+,33C,REP,1733,1487
65+,33C,UNA,653,535
65+,34A,DEM,3978,3184
65+,34A,OTH,82,54
65+,34A,REP,2538,2108
65+,34A,UNA,972,705
65+,34B,DEM,1976,1628
65+,34B,OTH,40,30
65+,34B,REP,2287,1996
65+,34B,UNA,607,476
65+,35A,DEM,3233,2745
65+,35A,OTH,80,61
65+,35A,REP,5316,4723
65+,35A,UNA,1120,898
65+,35B,DEM,1426,1068
65+,35B,OTH,38,27
65+,35B,REP,2105,1779
65+,35B,UNA,512,359
65+,36,DEM,4691,3805
65+,36,OTH,101,68
65+,36,REP,4577,3885
65+,36,UNA,1409,1029
65+,37A,DEM,2596,1920
65+,37A,OTH,29,14
65+,37A,REP,990,786
65+,37A,UNA,354,188
65+,37B,DEM,5601,4635
65+,37B,OTH,107,79
65+,37B,REP,5720,4967
65+,37B,UNA,1553,1209
65+,38A,DEM,2499,1959
65+,38A,OTH,60,43
65+,38A,REP,2338,1995
65+,38A,UNA,527,387
65+,38B,DEM,1988,1612
65+,38B,OTH,41,28
65+,38B,REP,1758,1485
65+,38B,UNA,513,375
65+,38C,DEM,2788,2282
65+,38C,OTH,93,72
65+,38C,REP,3704,3121
65+,38C,UNA,954,721
65+,39,DEM,5850,4516
65+,39,OTH,116,66
65+,39,REP,1737,1277
65+,39,UNA,1584,1006
65+,40,DEM,9288,5707
65+,40,OTH,50,22
65+,40,REP,534,285
65+,40,UNA,502,202
65+,41,DEM,13165,9677
65+,41,OTH,63,31
65+,41,REP,878,568
65+,41,UNA,764,398
65+,42A,DEM,2533,2237
65+,42A,OTH,73,54
65+,42A,REP,2506,2173
65+,42A,UNA,739,606
65+,42B,DEM,2292,1916
65+,42B,OTH,50,36
65+,42B,REP,1476,1222
65+,42B,UNA,499,376
65+,42C,DEM,1458,1233
65+,42C,OTH,36,29
65+,42C,REP,2602,2267
65+,42C,UNA,575,441
65+,43A,DEM,8025,5965
65+,43A,OTH,43,22
65+,43A,REP,353,213
65+,43A,UNA,445,257
65+,43B,DEM,2424,2047
65+,43B,OTH,36,26
65+,43B,REP,728,575
65+,43B,UNA,341,245
65+,44A,DEM,2286,1852
65+,44A,OTH,66,39
65+,44A,REP,1164,922
65+,44A,UNA,402,267
65+,44B,DEM,7247,6019
65+,44B,OTH,63,48
65+,44B,REP,1196,974
65+,44B,UNA,611,396
65+,45,DEM,9908,6725
65+,45,OTH,63,34
65+,45,REP,775,458
65+,45,UNA,503,244
65+,46,DEM,5006,3085
65+,46,OTH,49,20
65+,46,REP,830,495
65+,46,UNA,526,266
65+,47A,DEM,5559,3829
65+,47A,OTH,109,37
65+,47A,REP,313,193
65+,47A,UNA,325,179
65+,47B,DEM,1502,1035
65+,47B,OTH,49,9
65+,47B,REP,143,79
65+,47B,UNA,147,84
65+,36,DEM,1352,1136
65+,36,OTH,44,30
65+,36,REP,2331,2048
65+,36,UNA,683,563
65+,01A,DEM,876,715
65+,01A,OTH,38,30
65+,01A,REP,2884,2501
65+,01A,UNA,443,353
65+,01B,DEM,1221,978
65+,01B,OTH,52,35
65+,01B,REP,2427,2089
65+,01B,UNA,540,395
65+,01C,DEM,968,752
65+,01C,OTH,35,20
65+,01C,REP,2405,2118
65+,01C,UNA,523,385
65+,02A,DEM,2200,1850
65+,02A,OTH,65,48
65+,02A,REP,4171,3660
65+,02A,UNA,1190,953
65+,02B,DEM,970,719
65+,02B,OTH,30,13
65+,02B,REP,975,764
65+,02B,UNA,390,260
65+,03,DEM,3570,2947
65+,03,OTH,63,46
65+,03,REP,2760,2193
65+,03,UNA,1543,1150
65+,04,DEM,3534,3053
65+,04,OTH,81,56
65+,04,REP,5733,4990
65+,04,UNA,2217,1798
65+,05,DEM,3080,2646
65+,05,OTH,135,103
65+,05,REP,6120,5392
65+,05,UNA,1739,1422
65+,06,DEM,3663,2653
65+,06,OTH,115,75
65+,06,REP,3688,2965
65+,06,UNA,1213,776
65+,07A,DEM,3093,2569
65+,07A,OTH,107,84
65+,07A,REP,3852,3387
65+,07A,UNA,1172,940
65+,07B,DEM,1220,1070
65+,07B,OTH,45,40
65+,07B,REP,2462,2231
65+,07B,UNA,644,546
65+,08,DEM,3794,2887
65+,08,OTH,117,83
65+,08,REP,2735,2191
65+,08,UNA,1129,798
65+,09A,DEM,2998,2510
65+,09A,OTH,86,67
65+,09A,REP,2969,2582
65+,09A,UNA,1661,1333
65+,09B,DEM,1662,1423
65+,09B,OTH,48,32
65+,09B,REP,1060,908
65+,09B,UNA,755,578
65+,10,DEM,5691,4731
65+,10,OTH,116,77
65+,10,REP,1923,1582
65+,10,UNA,1212,896
65+,11A,DEM,1543,1299
65+,11A,OTH,29,22
65+,11A,REP,494,410
65+,11A,UNA,363,261
65+,11B,DEM,4925,4337
65+,11B,OTH,127,99
65+,11B,REP,2504,2125
65+,11B,UNA,1336,1037
65+,12A,DEM,3184,2692
65+,12A,OTH,78,54
65+,12A,REP,1391,1142
65+,12A,UNA,1214,949
65+,12B,DEM,1249,860
65+,12B,OTH,38,17
65+,12B,REP,983,753
65+,12B,UNA,412,258
65+,13,DEM,4376,3671
65+,13,OTH,100,71
65+,13,REP,2197,1834
65+,13,UNA,1786,1363
65+,14,DEM,6256,5276
65+,14,OTH,110,79
65+,14,REP,3002,2500
65+,14,UNA,2359,1737
65+,15,DEM,5334,4461
65+,15,OTH,125,76
65+,15,REP,2622,2084
65+,15,UNA,2737,1913
65+,16,DEM,7841,6855
65+,16,OTH,122,86
65+,16,REP,2181,1701
65+,16,UNA,2866,2193
65+,17,DEM,4996,4041
65+,17,OTH,104,60
65+,17,REP,1798,1315
65+,17,UNA,2195,1482
65+,18,DEM,5737,4707
65+,18,OTH,118,72
65+,18,REP,1555,1166
65+,18,UNA,1741,1249
65+,19,DEM,6449,5212
65+,19,OTH,133,80
65+,19,REP,2445,1913
65+,19,UNA,2346,1663
65+,20,DEM,5366,4325
65+,20,OTH,78,42
65+,20,REP,956,672
65+,20,UNA,1372,934
65+,21,DEM,4543,3366
65+,21,OTH,255,110
65+,21,REP,1736,1220
65+,21,UNA,1312,874
65+,22,DEM,5149,3504
65+,22,OTH,250,87
65+,22,REP,827,544
65+,22,UNA,908,568
65+,23,DEM,7083,5528
65+,23,OTH,251,109
65+,23,REP,1637,1172
65+,23,UNA,1164,840
65+,24,DEM,8439,5767
65+,24,OTH,247,70
65+,24,REP,652,386
65+,24,UNA,876,516
65+,25,DEM,8230,5800
65+,25,OTH,171,42
65+,25,REP,553,291
65+,25,UNA,682,386
65+,26,DEM,9331,6560
65+,26,OTH,276,84
65+,26,REP,868,535
65+,26,UNA,939,579
65+,27A,DEM,1914,1456
65+,27A,OTH,41,27
65+,27A,REP,689,545
65+,27A,UNA,383,260
65+,27B,DEM,2174,1677
65+,27B,OTH,72,39
65+,27B,REP,1203,987
65+,27B,UNA,545,417
65+,27C,DEM,1452,1197
65+,27C,OTH,47,34
65+,27C,REP,1797,1579
65+,27C,UNA,547,443
65+,28,DEM,4893,3910
65+,28,OTH,101,70
65+,28,REP,2834,2341
65+,28,UNA,1256,932
65+,29A,DEM,1313,1069
65+,29A,OTH,33,24
65+,29A,REP,1850,1624
65+,29A,UNA,467,358
65+,29B,DEM,921,729
65+,29B,OTH,27,24
65+,29B,REP,914,774
65+,29B,UNA,347,259
65+,29C,DEM,1349,1130
65+,29C,OTH,42,28
65+,29C,REP,1854,1623
65+,29C,UNA,640,519
65+,30A,DEM,3857,3274
65+,30A,OTH,72,54
65+,30A,REP,2787,2359
65+,30A,UNA,1618,1327
65+,30B,DEM,1548,1325
65+,30B,OTH,41,31
65+,30B,REP,1926,1641
65+,30B,UNA,750,588
65+,31,DEM,3410,2704
65+,31,OTH,89,59
65+,31,REP,5024,4275
65+,31,UNA,1767,1376
65+,32,DEM,3402,2545
65+,32,OTH,86,47
65+,32,REP,2545,1997
65+,32,UNA,1278,870
65+,33A,DEM,908,719
65+,33A,OTH,24,17
65+,33A,REP,760,615
65+,33A,UNA,443,320
65+,33B,DEM,1457,1262
65+,33B,OTH,40,34
65+,33B,REP,1986,1682
65+,33B,UNA,852,723
65+,33C,DEM,1452,1277
65+,33C,OTH,38,29
65+,33C,REP,1656,1457
65+,33C,UNA,739,605
65+,34A,DEM,2567,2081
65+,34A,OTH,74,50
65+,34A,REP,2322,1979
65+,34A,UNA,1044,823
65+,34B,DEM,1195,993
65+,34B,OTH,35,31
65+,34B,REP,1888,1676
65+,34B,UNA,593,491
65+,35A,DEM,2210,1893
65+,35A,OTH,74,62
65+,35A,REP,4810,4368
65+,35A,UNA,1196,1029
65+,35B,DEM,1053,791
65+,35B,OTH,47,31
65+,35B,REP,1967,1720
65+,35B,UNA,559,409
65+,36,DEM,3146,2565
65+,36,OTH,99,72
65+,36,REP,4326,3769
65+,36,UNA,1439,1120
65+,37A,DEM,1652,1137
65+,37A,OTH,18,8
65+,37A,REP,843,696
65+,37A,UNA,313,179
65+,37B,DEM,3696,3135
65+,37B,OTH,113,81
65+,37B,REP,5426,4795
65+,37B,UNA,1680,1349
65+,38A,DEM,1624,1220
65+,38A,OTH,51,33
65+,38A,REP,2181,1897
65+,38A,UNA,593,430
65+,38B,DEM,1258,992
65+,38B,OTH,32,24
65+,38B,REP,1351,1169
65+,38B,UNA,458,351
65+,38C,DEM,1818,1485
65+,38C,OTH,99,73
65+,38C,REP,3478,2948
65+,38C,UNA,1091,848
65+,39,DEM,4054,3113
65+,39,OTH,111,76
65+,39,REP,1808,1335
65+,39,UNA,1840,1221
65+,40,DEM,6429,3460
65+,40,OTH,70,33
65+,40,REP,587,291
65+,40,UNA,675,293
65+,41,DEM,7824,5345
65+,41,OTH,72,36
65+,41,REP,881,581
65+,41,UNA,858,459
65+,42A,DEM,1754,1557
65+,42A,OTH,79,67
65+,42A,REP,2416,2161
65+,42A,UNA,816,686
65+,42B,DEM,1469,1268
65+,42B,OTH,46,33
65+,42B,REP,1260,1093
65+,42B,UNA,564,431
65+,42C,DEM,1017,861
65+,42C,OTH,50,43
65+,42C,REP,2467,2212
65+,42C,UNA,569,468
65+,43A,DEM,4868,3292
65+,43A,OTH,55,28
65+,43A,REP,365,205
65+,43A,UNA,509,280
65+,43B,DEM,1412,1209
65+,43B,OTH,24,16
65+,43B,REP,605,516
65+,43B,UNA,338,263
65+,44A,DEM,1363,1088
65+,44A,OTH,36,23
65+,44A,REP,948,761
65+,44A,UNA,408,284
65+,44B,DEM,4500,3622
65+,44B,OTH,85,52
65+,44B,REP,1102,863
65+,44B,UNA,738,503
65+,45,DEM,6195,3793
65+,45,OTH,71,33
65+,45,REP,758,458
65+,45,UNA,669,332
65+,46,DEM,3852,2291
65+,46,OTH,56,29
65+,46,REP,893,524
65+,46,UNA,739,349
65+,47A,DEM,3728,2287
65+,47A,OTH,139,46
65+,47A,REP,326,198
65+,47A,UNA,440,236
65+,47B,DEM,1096,674
65+,47B,OTH,65,23
65+,47B,REP,158,95
65+,47B,UNA,178,89
